id,Sección,Sub-sección,Indicador,Categoría,Segmentación,Grupo,%,N Base,N,Página,Tabla,Fuente_tipo,Tipo_pregunta,N_Base_tipo,Nota
1,Perfil de la muestra,,Género,Varones,Total,,50,11421,5710,14,Gráfico 1,Gráfico,Única,Explícita,Otra identidad de género y Prefiero no decirlo quedan excluidas por el propio informe de las comparativas por género.
2,Perfil de la muestra,,Género,Mujeres,Total,,47,11421,5368,14,Gráfico 1,Gráfico,Única,Explícita,Otra identidad de género y Prefiero no decirlo quedan excluidas por el propio informe de las comparativas por género.
3,Perfil de la muestra,,Género,Otra identidad de género,Total,,1,11421,114,14,Gráfico 1,Gráfico,Única,Explícita,Otra identidad de género y Prefiero no decirlo quedan excluidas por el propio informe de las comparativas por género.
4,Perfil de la muestra,,Género,Prefiero no decirlo,Total,,2,11421,228,14,Gráfico 1,Gráfico,Única,Explícita,Otra identidad de género y Prefiero no decirlo quedan excluidas por el propio informe de las comparativas por género.
5,Perfil de la muestra,,Edad,13 años,Total,,17,11421,1942,14,Gráfico 2,Gráfico,Única,Explícita,
6,Perfil de la muestra,,Edad,14 años,Total,,17,11421,1942,14,Gráfico 2,Gráfico,Única,Explícita,
7,Perfil de la muestra,,Edad,15 años,Total,,21,11421,2398,14,Gráfico 2,Gráfico,Única,Explícita,
8,Perfil de la muestra,,Edad,16 años,Total,,18,11421,2056,14,Gráfico 2,Gráfico,Única,Explícita,
9,Perfil de la muestra,,Edad,17 años,Total,,19,11421,2170,14,Gráfico 2,Gráfico,Única,Explícita,
10,Perfil de la muestra,,Edad,18 años,Total,,9,11421,1028,14,Gráfico 2,Gráfico,Única,Explícita,
11,Perfil de la muestra,,Zona de residencia,AMBA,Total,,29,11421,3312,15,Tabla 1,Tabla,Única,Explícita,
12,Perfil de la muestra,,Zona de residencia,Centro,Total,,32,11421,3655,15,Tabla 1,Tabla,Única,Explícita,
13,Perfil de la muestra,,Zona de residencia,Cuyo,Total,,8,11421,914,15,Tabla 1,Tabla,Única,Explícita,
14,Perfil de la muestra,,Zona de residencia,NEA,Total,,12,11421,1371,15,Tabla 1,Tabla,Única,Explícita,
15,Perfil de la muestra,,Zona de residencia,NOA,Total,,13,11421,1485,15,Tabla 1,Tabla,Única,Explícita,
16,Perfil de la muestra,,Zona de residencia,Patagonia,Total,,6,11421,685,15,Tabla 1,Tabla,Única,Explícita,
17,Perfil de la muestra,,Gestión escolar,Estatal,Total,,72,11421,8223,15,,Texto,Única,Explícita,No se usó como variable de cruce en el resto del informe.
18,Perfil de la muestra,,Gestión escolar,Privada,Total,,28,11421,3198,15,,Texto,Única,Explícita,No se usó como variable de cruce en el resto del informe.
19,Familiaridad con las apuestas online,,Experiencia con las apuestas online,Suelo participar o alguna vez participé de apuestas online,Total,,16,11421,1827,16,Gráfico 3,Gráfico,Única,Explícita,
20,Familiaridad con las apuestas online,,Experiencia con las apuestas online,Conozco gente cercana que participa de apuestas online pero yo nunca lo hice,Total,,45,11421,5139,16,Gráfico 3,Gráfico,Única,Explícita,
21,Familiaridad con las apuestas online,,Experiencia con las apuestas online,Nunca participé de apuestas online ni conozco gente que haya participado,Total,,27,11421,3084,16,Gráfico 3,Gráfico,Única,Explícita,
22,Familiaridad con las apuestas online,,Experiencia con las apuestas online,Nunca escuché hablar de apuestas online,Total,,12,11421,1371,16,Gráfico 3,Gráfico,Única,Explícita,
23,Familiaridad con las apuestas online,,Experiencia con las apuestas online,Suelo participar o alguna vez participé de apuestas online,Género,Mujeres,8,5368,429,16,Tabla 2,Tabla,Única,Inferida,
24,Familiaridad con las apuestas online,,Experiencia con las apuestas online,Conozco gente cercana que participa de apuestas online pero yo nunca lo hice,Género,Mujeres,47,5368,2523,16,Tabla 2,Tabla,Única,Inferida,
25,Familiaridad con las apuestas online,,Experiencia con las apuestas online,Nunca participé de apuestas online ni conozco gente que haya participado,Género,Mujeres,30,5368,1610,16,Tabla 2,Tabla,Única,Inferida,
26,Familiaridad con las apuestas online,,Experiencia con las apuestas online,Nunca escuché hablar de apuestas online,Género,Mujeres,15,5368,805,16,Tabla 2,Tabla,Única,Inferida,
27,Familiaridad con las apuestas online,,Experiencia con las apuestas online,Suelo participar o alguna vez participé de apuestas online,Género,Varones,24,5710,1370,16,Tabla 2,Tabla,Única,Inferida,
28,Familiaridad con las apuestas online,,Experiencia con las apuestas online,Conozco gente cercana que participa de apuestas online pero yo nunca lo hice,Género,Varones,43,5710,2455,16,Tabla 2,Tabla,Única,Inferida,
29,Familiaridad con las apuestas online,,Experiencia con las apuestas online,Nunca participé de apuestas online ni conozco gente que haya participado,Género,Varones,25,5710,1428,16,Tabla 2,Tabla,Única,Inferida,
30,Familiaridad con las apuestas online,,Experiencia con las apuestas online,Nunca escuché hablar de apuestas online,Género,Varones,9,5710,514,16,Tabla 2,Tabla,Única,Inferida,
31,Familiaridad con las apuestas online,,Experiencia con las apuestas online,Suelo participar o alguna vez participé de apuestas online,Edad,13 años,6,1942,117,16,Tabla 2,Tabla,Única,Inferida,
32,Familiaridad con las apuestas online,,Experiencia con las apuestas online,Conozco gente cercana que participa de apuestas online pero yo nunca lo hice,Edad,13 años,30,1942,583,16,Tabla 2,Tabla,Única,Inferida,
33,Familiaridad con las apuestas online,,Experiencia con las apuestas online,Nunca participé de apuestas online ni conozco gente que haya participado,Edad,13 años,45,1942,874,16,Tabla 2,Tabla,Única,Inferida,
34,Familiaridad con las apuestas online,,Experiencia con las apuestas online,Nunca escuché hablar de apuestas online,Edad,13 años,19,1942,369,16,Tabla 2,Tabla,Única,Inferida,
35,Familiaridad con las apuestas online,,Experiencia con las apuestas online,Suelo participar o alguna vez participé de apuestas online,Edad,14 años,9,1942,175,16,Tabla 2,Tabla,Única,Inferida,
36,Familiaridad con las apuestas online,,Experiencia con las apuestas online,Conozco gente cercana que participa de apuestas online pero yo nunca lo hice,Edad,14 años,42,1942,816,16,Tabla 2,Tabla,Única,Inferida,
37,Familiaridad con las apuestas online,,Experiencia con las apuestas online,Nunca participé de apuestas online ni conozco gente que haya participado,Edad,14 años,33,1942,641,16,Tabla 2,Tabla,Única,Inferida,
38,Familiaridad con las apuestas online,,Experiencia con las apuestas online,Nunca escuché hablar de apuestas online,Edad,14 años,16,1942,311,16,Tabla 2,Tabla,Única,Inferida,
39,Familiaridad con las apuestas online,,Experiencia con las apuestas online,Suelo participar o alguna vez participé de apuestas online,Edad,15 años,18,2398,432,16,Tabla 2,Tabla,Única,Inferida,
40,Familiaridad con las apuestas online,,Experiencia con las apuestas online,Conozco gente cercana que participa de apuestas online pero yo nunca lo hice,Edad,15 años,48,2398,1151,16,Tabla 2,Tabla,Única,Inferida,
41,Familiaridad con las apuestas online,,Experiencia con las apuestas online,Nunca participé de apuestas online ni conozco gente que haya participado,Edad,15 años,25,2398,600,16,Tabla 2,Tabla,Única,Inferida,
42,Familiaridad con las apuestas online,,Experiencia con las apuestas online,Nunca escuché hablar de apuestas online,Edad,15 años,10,2398,240,16,Tabla 2,Tabla,Única,Inferida,
43,Familiaridad con las apuestas online,,Experiencia con las apuestas online,Suelo participar o alguna vez participé de apuestas online,Edad,16 años,18,2056,370,16,Tabla 2,Tabla,Única,Inferida,
44,Familiaridad con las apuestas online,,Experiencia con las apuestas online,Conozco gente cercana que participa de apuestas online pero yo nunca lo hice,Edad,16 años,52,2056,1069,16,Tabla 2,Tabla,Única,Inferida,
45,Familiaridad con las apuestas online,,Experiencia con las apuestas online,Nunca participé de apuestas online ni conozco gente que haya participado,Edad,16 años,21,2056,432,16,Tabla 2,Tabla,Única,Inferida,
46,Familiaridad con las apuestas online,,Experiencia con las apuestas online,Nunca escuché hablar de apuestas online,Edad,16 años,9,2056,185,16,Tabla 2,Tabla,Única,Inferida,
47,Familiaridad con las apuestas online,,Experiencia con las apuestas online,Suelo participar o alguna vez participé de apuestas online,Edad,17 años,23,2170,499,16,Tabla 2,Tabla,Única,Inferida,
48,Familiaridad con las apuestas online,,Experiencia con las apuestas online,Conozco gente cercana que participa de apuestas online pero yo nunca lo hice,Edad,17 años,52,2170,1128,16,Tabla 2,Tabla,Única,Inferida,
49,Familiaridad con las apuestas online,,Experiencia con las apuestas online,Nunca participé de apuestas online ni conozco gente que haya participado,Edad,17 años,18,2170,391,16,Tabla 2,Tabla,Única,Inferida,
50,Familiaridad con las apuestas online,,Experiencia con las apuestas online,Nunca escuché hablar de apuestas online,Edad,17 años,7,2170,152,16,Tabla 2,Tabla,Única,Inferida,
51,Familiaridad con las apuestas online,,Experiencia con las apuestas online,Suelo participar o alguna vez participé de apuestas online,Edad,18 años,24,1028,247,16,Tabla 2,Tabla,Única,Inferida,
52,Familiaridad con las apuestas online,,Experiencia con las apuestas online,Conozco gente cercana que participa de apuestas online pero yo nunca lo hice,Edad,18 años,48,1028,493,16,Tabla 2,Tabla,Única,Inferida,
53,Familiaridad con las apuestas online,,Experiencia con las apuestas online,Nunca participé de apuestas online ni conozco gente que haya participado,Edad,18 años,22,1028,226,16,Tabla 2,Tabla,Única,Inferida,
54,Familiaridad con las apuestas online,,Experiencia con las apuestas online,Nunca escuché hablar de apuestas online,Edad,18 años,6,1028,62,16,Tabla 2,Tabla,Única,Inferida,
55,Familiaridad con las apuestas online,,Experiencia con las apuestas online,Suelo participar o alguna vez participé de apuestas online,Región,Centro,14,,,17,,Texto,Única,No aplica,Único valor regional preciso citado en el texto; el resto de regiones se describe solo como rango 17%-19%.
56,Adolescentes con experiencia directa en apuestas online,Motivaciones para participar en apuestas online,Motivaciones para participar en apuestas online (Sí),Quería probar suerte,Total,,89,1827,1626,17,Gráfico 4,Gráfico,Múltiple,Inferida,
57,Adolescentes con experiencia directa en apuestas online,Motivaciones para participar en apuestas online,Motivaciones para participar en apuestas online (Sí),Es divertido,Total,,84,1827,1535,17,Gráfico 4,Gráfico,Múltiple,Inferida,
58,Adolescentes con experiencia directa en apuestas online,Motivaciones para participar en apuestas online,Motivaciones para participar en apuestas online (Sí),"Se gana plata fácil, rápido y sin esfuerzos",Total,,53,1827,968,17,Gráfico 4,Gráfico,Múltiple,Inferida,
59,Adolescentes con experiencia directa en apuestas online,Motivaciones para participar en apuestas online,Motivaciones para participar en apuestas online (Sí),Vi publicidades de influencers o personas famosas que las recomiendan,Total,,50,1827,914,17,Gráfico 4,Gráfico,Múltiple,Inferida,
60,Adolescentes con experiencia directa en apuestas online,Motivaciones para participar en apuestas online,Motivaciones para participar en apuestas online (Sí),"Recibí un bono gratis, descuento, promociones y/o créditos para empezar",Total,,44,1827,804,17,Gráfico 4,Gráfico,Múltiple,Inferida,
61,Adolescentes con experiencia directa en apuestas online,Motivaciones para participar en apuestas online,Motivaciones para participar en apuestas online (Sí),Puedo competir con otros/as amigos/as que también lo hacen,Total,,42,1827,767,17,Gráfico 4,Gráfico,Múltiple,Inferida,
62,Adolescentes con experiencia directa en apuestas online,Motivaciones para participar en apuestas online,Motivaciones para participar en apuestas online (Sí),Tengo adultos/as cercano/as que lo hacen,Total,,40,1827,731,17,Gráfico 4,Gráfico,Múltiple,Inferida,
63,Adolescentes con experiencia directa en apuestas online,Motivaciones para participar en apuestas online,Motivaciones para participar en apuestas online (Sí),Muchas personas cercanas lo hacen y no quería quedarme afuera,Total,,33,1827,603,17,Gráfico 4,Gráfico,Múltiple,Inferida,
64,Adolescentes con experiencia directa en apuestas online,Motivaciones para participar en apuestas online,Motivaciones para participar en apuestas online (Sí),Me tentaron las publicidades de las casas de apuestas,Total,,39,1827,713,17,Gráfico 4,Gráfico,Múltiple,Inferida,
65,Adolescentes con experiencia directa en apuestas online,Motivaciones para participar en apuestas online,Motivaciones para participar en apuestas online (Sí),Quería colaborar en los gastos de mi familia,Total,,16,1827,292,17,Gráfico 4,Gráfico,Múltiple,Inferida,
66,Adolescentes con experiencia directa en apuestas online,Motivaciones para participar en apuestas online,Motivaciones para participar en apuestas online (Sí),Me ayuda a alcanzar la vida y el éxito que quiero tener,Total,,14,1827,256,17,Gráfico 4,Gráfico,Múltiple,Inferida,
67,Adolescentes con experiencia directa en apuestas online,Motivaciones para participar en apuestas online,Motivaciones para participar en apuestas online (Sí),Estoy endeudado/a y quería recuperar lo que perdí,Total,,13,1827,238,17,Gráfico 4,Gráfico,Múltiple,Inferida,
68,Adolescentes con experiencia directa en apuestas online,Motivaciones para participar en apuestas online,Motivaciones para participar en apuestas online (Sí),Quería probar suerte,Género,Mujeres,89,,,19,Tabla 3,Tabla,Múltiple,No aplica,"Requiere la composición demográfica interna del subgrupo de exposición, que el informe no publica; para no encadenar dos inferencias porcentuales independientes se deja la Base y el N en blanco (ver metodología en el brief)."
69,Adolescentes con experiencia directa en apuestas online,Motivaciones para participar en apuestas online,Motivaciones para participar en apuestas online (Sí),Es divertido,Género,Mujeres,82,,,19,Tabla 3,Tabla,Múltiple,No aplica,"Requiere la composición demográfica interna del subgrupo de exposición, que el informe no publica; para no encadenar dos inferencias porcentuales independientes se deja la Base y el N en blanco (ver metodología en el brief)."
70,Adolescentes con experiencia directa en apuestas online,Motivaciones para participar en apuestas online,Motivaciones para participar en apuestas online (Sí),"Se gana plata fácil, rápido y sin esfuerzos",Género,Mujeres,53,,,19,Tabla 3,Tabla,Múltiple,No aplica,"Requiere la composición demográfica interna del subgrupo de exposición, que el informe no publica; para no encadenar dos inferencias porcentuales independientes se deja la Base y el N en blanco (ver metodología en el brief)."
71,Adolescentes con experiencia directa en apuestas online,Motivaciones para participar en apuestas online,Motivaciones para participar en apuestas online (Sí),"Recibí un bono gratis, descuento, promociones y/o créditos para empezar",Género,Mujeres,52,,,19,Tabla 3,Tabla,Múltiple,No aplica,"Requiere la composición demográfica interna del subgrupo de exposición, que el informe no publica; para no encadenar dos inferencias porcentuales independientes se deja la Base y el N en blanco (ver metodología en el brief)."
72,Adolescentes con experiencia directa en apuestas online,Motivaciones para participar en apuestas online,Motivaciones para participar en apuestas online (Sí),Quería colaborar en los gastos de mi familia,Género,Mujeres,12,,,19,Tabla 3,Tabla,Múltiple,No aplica,"Requiere la composición demográfica interna del subgrupo de exposición, que el informe no publica; para no encadenar dos inferencias porcentuales independientes se deja la Base y el N en blanco (ver metodología en el brief)."
73,Adolescentes con experiencia directa en apuestas online,Motivaciones para participar en apuestas online,Motivaciones para participar en apuestas online (Sí),Vi publicidades de influencers o personas famosas que las recomiendan,Género,Mujeres,59,,,19,Tabla 3,Tabla,Múltiple,No aplica,"Requiere la composición demográfica interna del subgrupo de exposición, que el informe no publica; para no encadenar dos inferencias porcentuales independientes se deja la Base y el N en blanco (ver metodología en el brief)."
74,Adolescentes con experiencia directa en apuestas online,Motivaciones para participar en apuestas online,Motivaciones para participar en apuestas online (Sí),Puedo competir con otros/as amigos/as que también lo hacen,Género,Mujeres,36,,,19,Tabla 3,Tabla,Múltiple,No aplica,"Requiere la composición demográfica interna del subgrupo de exposición, que el informe no publica; para no encadenar dos inferencias porcentuales independientes se deja la Base y el N en blanco (ver metodología en el brief)."
75,Adolescentes con experiencia directa en apuestas online,Motivaciones para participar en apuestas online,Motivaciones para participar en apuestas online (Sí),Tengo adultos/as cercano/as que lo hacen,Género,Mujeres,60,,,19,Tabla 3,Tabla,Múltiple,No aplica,"Requiere la composición demográfica interna del subgrupo de exposición, que el informe no publica; para no encadenar dos inferencias porcentuales independientes se deja la Base y el N en blanco (ver metodología en el brief)."
76,Adolescentes con experiencia directa en apuestas online,Motivaciones para participar en apuestas online,Motivaciones para participar en apuestas online (Sí),Muchas personas cercanas lo hacen y no quería quedarme afuera,Género,Mujeres,53,,,19,Tabla 3,Tabla,Múltiple,No aplica,"Requiere la composición demográfica interna del subgrupo de exposición, que el informe no publica; para no encadenar dos inferencias porcentuales independientes se deja la Base y el N en blanco (ver metodología en el brief)."
77,Adolescentes con experiencia directa en apuestas online,Motivaciones para participar en apuestas online,Motivaciones para participar en apuestas online (Sí),Quería probar suerte,Género,Varones,89,,,19,Tabla 3,Tabla,Múltiple,No aplica,"Requiere la composición demográfica interna del subgrupo de exposición, que el informe no publica; para no encadenar dos inferencias porcentuales independientes se deja la Base y el N en blanco (ver metodología en el brief)."
78,Adolescentes con experiencia directa en apuestas online,Motivaciones para participar en apuestas online,Motivaciones para participar en apuestas online (Sí),Es divertido,Género,Varones,84,,,19,Tabla 3,Tabla,Múltiple,No aplica,"Requiere la composición demográfica interna del subgrupo de exposición, que el informe no publica; para no encadenar dos inferencias porcentuales independientes se deja la Base y el N en blanco (ver metodología en el brief)."
79,Adolescentes con experiencia directa en apuestas online,Motivaciones para participar en apuestas online,Motivaciones para participar en apuestas online (Sí),"Se gana plata fácil, rápido y sin esfuerzos",Género,Varones,53,,,19,Tabla 3,Tabla,Múltiple,No aplica,"Requiere la composición demográfica interna del subgrupo de exposición, que el informe no publica; para no encadenar dos inferencias porcentuales independientes se deja la Base y el N en blanco (ver metodología en el brief)."
80,Adolescentes con experiencia directa en apuestas online,Motivaciones para participar en apuestas online,Motivaciones para participar en apuestas online (Sí),"Recibí un bono gratis, descuento, promociones y/o créditos para empezar",Género,Varones,41,,,19,Tabla 3,Tabla,Múltiple,No aplica,"Requiere la composición demográfica interna del subgrupo de exposición, que el informe no publica; para no encadenar dos inferencias porcentuales independientes se deja la Base y el N en blanco (ver metodología en el brief)."
81,Adolescentes con experiencia directa en apuestas online,Motivaciones para participar en apuestas online,Motivaciones para participar en apuestas online (Sí),Quería colaborar en los gastos de mi familia,Género,Varones,17,,,19,Tabla 3,Tabla,Múltiple,No aplica,"Requiere la composición demográfica interna del subgrupo de exposición, que el informe no publica; para no encadenar dos inferencias porcentuales independientes se deja la Base y el N en blanco (ver metodología en el brief)."
82,Adolescentes con experiencia directa en apuestas online,Motivaciones para participar en apuestas online,Motivaciones para participar en apuestas online (Sí),Vi publicidades de influencers o personas famosas que las recomiendan,Género,Varones,47,,,19,Tabla 3,Tabla,Múltiple,No aplica,"Requiere la composición demográfica interna del subgrupo de exposición, que el informe no publica; para no encadenar dos inferencias porcentuales independientes se deja la Base y el N en blanco (ver metodología en el brief)."
83,Adolescentes con experiencia directa en apuestas online,Motivaciones para participar en apuestas online,Motivaciones para participar en apuestas online (Sí),Puedo competir con otros/as amigos/as que también lo hacen,Género,Varones,44,,,19,Tabla 3,Tabla,Múltiple,No aplica,"Requiere la composición demográfica interna del subgrupo de exposición, que el informe no publica; para no encadenar dos inferencias porcentuales independientes se deja la Base y el N en blanco (ver metodología en el brief)."
84,Adolescentes con experiencia directa en apuestas online,Motivaciones para participar en apuestas online,Motivaciones para participar en apuestas online (Sí),Tengo adultos/as cercano/as que lo hacen,Género,Varones,34,,,19,Tabla 3,Tabla,Múltiple,No aplica,"Requiere la composición demográfica interna del subgrupo de exposición, que el informe no publica; para no encadenar dos inferencias porcentuales independientes se deja la Base y el N en blanco (ver metodología en el brief)."
85,Adolescentes con experiencia directa en apuestas online,Motivaciones para participar en apuestas online,Motivaciones para participar en apuestas online (Sí),Muchas personas cercanas lo hacen y no quería quedarme afuera,Género,Varones,35,,,19,Tabla 3,Tabla,Múltiple,No aplica,"Requiere la composición demográfica interna del subgrupo de exposición, que el informe no publica; para no encadenar dos inferencias porcentuales independientes se deja la Base y el N en blanco (ver metodología en el brief)."
86,Adolescentes con experiencia directa en apuestas online,Motivaciones para participar en apuestas online,Motivaciones para participar en apuestas online (Sí),Quería probar suerte,Edad,13 años,75,,,19,Tabla 3,Tabla,Múltiple,No aplica,"Requiere la composición demográfica interna del subgrupo de exposición, que el informe no publica; para no encadenar dos inferencias porcentuales independientes se deja la Base y el N en blanco (ver metodología en el brief)."
87,Adolescentes con experiencia directa en apuestas online,Motivaciones para participar en apuestas online,Motivaciones para participar en apuestas online (Sí),Es divertido,Edad,13 años,77,,,19,Tabla 3,Tabla,Múltiple,No aplica,"Requiere la composición demográfica interna del subgrupo de exposición, que el informe no publica; para no encadenar dos inferencias porcentuales independientes se deja la Base y el N en blanco (ver metodología en el brief)."
88,Adolescentes con experiencia directa en apuestas online,Motivaciones para participar en apuestas online,Motivaciones para participar en apuestas online (Sí),"Se gana plata fácil, rápido y sin esfuerzos",Edad,13 años,77,,,19,Tabla 3,Tabla,Múltiple,No aplica,"Requiere la composición demográfica interna del subgrupo de exposición, que el informe no publica; para no encadenar dos inferencias porcentuales independientes se deja la Base y el N en blanco (ver metodología en el brief)."
89,Adolescentes con experiencia directa en apuestas online,Motivaciones para participar en apuestas online,Motivaciones para participar en apuestas online (Sí),"Recibí un bono gratis, descuento, promociones y/o créditos para empezar",Edad,13 años,42,,,19,Tabla 3,Tabla,Múltiple,No aplica,"Requiere la composición demográfica interna del subgrupo de exposición, que el informe no publica; para no encadenar dos inferencias porcentuales independientes se deja la Base y el N en blanco (ver metodología en el brief)."
90,Adolescentes con experiencia directa en apuestas online,Motivaciones para participar en apuestas online,Motivaciones para participar en apuestas online (Sí),Quería colaborar en los gastos de mi familia,Edad,13 años,27,,,19,Tabla 3,Tabla,Múltiple,No aplica,"Requiere la composición demográfica interna del subgrupo de exposición, que el informe no publica; para no encadenar dos inferencias porcentuales independientes se deja la Base y el N en blanco (ver metodología en el brief)."
91,Adolescentes con experiencia directa en apuestas online,Motivaciones para participar en apuestas online,Motivaciones para participar en apuestas online (Sí),Vi publicidades de influencers o personas famosas que las recomiendan,Edad,13 años,44,,,19,Tabla 3,Tabla,Múltiple,No aplica,"Requiere la composición demográfica interna del subgrupo de exposición, que el informe no publica; para no encadenar dos inferencias porcentuales independientes se deja la Base y el N en blanco (ver metodología en el brief)."
92,Adolescentes con experiencia directa en apuestas online,Motivaciones para participar en apuestas online,Motivaciones para participar en apuestas online (Sí),Puedo competir con otros/as amigos/as que también lo hacen,Edad,13 años,62,,,19,Tabla 3,Tabla,Múltiple,No aplica,"Requiere la composición demográfica interna del subgrupo de exposición, que el informe no publica; para no encadenar dos inferencias porcentuales independientes se deja la Base y el N en blanco (ver metodología en el brief)."
93,Adolescentes con experiencia directa en apuestas online,Motivaciones para participar en apuestas online,Motivaciones para participar en apuestas online (Sí),Tengo adultos/as cercano/as que lo hacen,Edad,13 años,49,,,19,Tabla 3,Tabla,Múltiple,No aplica,"Requiere la composición demográfica interna del subgrupo de exposición, que el informe no publica; para no encadenar dos inferencias porcentuales independientes se deja la Base y el N en blanco (ver metodología en el brief)."
94,Adolescentes con experiencia directa en apuestas online,Motivaciones para participar en apuestas online,Motivaciones para participar en apuestas online (Sí),Muchas personas cercanas lo hacen y no quería quedarme afuera,Edad,13 años,36,,,19,Tabla 3,Tabla,Múltiple,No aplica,"Requiere la composición demográfica interna del subgrupo de exposición, que el informe no publica; para no encadenar dos inferencias porcentuales independientes se deja la Base y el N en blanco (ver metodología en el brief)."
95,Adolescentes con experiencia directa en apuestas online,Motivaciones para participar en apuestas online,Motivaciones para participar en apuestas online (Sí),Quería probar suerte,Edad,14 años,90,,,19,Tabla 3,Tabla,Múltiple,No aplica,"Requiere la composición demográfica interna del subgrupo de exposición, que el informe no publica; para no encadenar dos inferencias porcentuales independientes se deja la Base y el N en blanco (ver metodología en el brief)."
96,Adolescentes con experiencia directa en apuestas online,Motivaciones para participar en apuestas online,Motivaciones para participar en apuestas online (Sí),Es divertido,Edad,14 años,77,,,19,Tabla 3,Tabla,Múltiple,No aplica,"Requiere la composición demográfica interna del subgrupo de exposición, que el informe no publica; para no encadenar dos inferencias porcentuales independientes se deja la Base y el N en blanco (ver metodología en el brief)."
97,Adolescentes con experiencia directa en apuestas online,Motivaciones para participar en apuestas online,Motivaciones para participar en apuestas online (Sí),"Se gana plata fácil, rápido y sin esfuerzos",Edad,14 años,65,,,19,Tabla 3,Tabla,Múltiple,No aplica,"Requiere la composición demográfica interna del subgrupo de exposición, que el informe no publica; para no encadenar dos inferencias porcentuales independientes se deja la Base y el N en blanco (ver metodología en el brief)."
98,Adolescentes con experiencia directa en apuestas online,Motivaciones para participar en apuestas online,Motivaciones para participar en apuestas online (Sí),"Recibí un bono gratis, descuento, promociones y/o créditos para empezar",Edad,14 años,31,,,19,Tabla 3,Tabla,Múltiple,No aplica,"Requiere la composición demográfica interna del subgrupo de exposición, que el informe no publica; para no encadenar dos inferencias porcentuales independientes se deja la Base y el N en blanco (ver metodología en el brief)."
99,Adolescentes con experiencia directa en apuestas online,Motivaciones para participar en apuestas online,Motivaciones para participar en apuestas online (Sí),Quería colaborar en los gastos de mi familia,Edad,14 años,16,,,19,Tabla 3,Tabla,Múltiple,No aplica,"Requiere la composición demográfica interna del subgrupo de exposición, que el informe no publica; para no encadenar dos inferencias porcentuales independientes se deja la Base y el N en blanco (ver metodología en el brief)."
100,Adolescentes con experiencia directa en apuestas online,Motivaciones para participar en apuestas online,Motivaciones para participar en apuestas online (Sí),Vi publicidades de influencers o personas famosas que las recomiendan,Edad,14 años,39,,,19,Tabla 3,Tabla,Múltiple,No aplica,"Requiere la composición demográfica interna del subgrupo de exposición, que el informe no publica; para no encadenar dos inferencias porcentuales independientes se deja la Base y el N en blanco (ver metodología en el brief)."
101,Adolescentes con experiencia directa en apuestas online,Motivaciones para participar en apuestas online,Motivaciones para participar en apuestas online (Sí),Puedo competir con otros/as amigos/as que también lo hacen,Edad,14 años,53,,,19,Tabla 3,Tabla,Múltiple,No aplica,"Requiere la composición demográfica interna del subgrupo de exposición, que el informe no publica; para no encadenar dos inferencias porcentuales independientes se deja la Base y el N en blanco (ver metodología en el brief)."
102,Adolescentes con experiencia directa en apuestas online,Motivaciones para participar en apuestas online,Motivaciones para participar en apuestas online (Sí),Tengo adultos/as cercano/as que lo hacen,Edad,14 años,57,,,19,Tabla 3,Tabla,Múltiple,No aplica,"Requiere la composición demográfica interna del subgrupo de exposición, que el informe no publica; para no encadenar dos inferencias porcentuales independientes se deja la Base y el N en blanco (ver metodología en el brief)."
103,Adolescentes con experiencia directa en apuestas online,Motivaciones para participar en apuestas online,Motivaciones para participar en apuestas online (Sí),Muchas personas cercanas lo hacen y no quería quedarme afuera,Edad,14 años,44,,,19,Tabla 3,Tabla,Múltiple,No aplica,"Requiere la composición demográfica interna del subgrupo de exposición, que el informe no publica; para no encadenar dos inferencias porcentuales independientes se deja la Base y el N en blanco (ver metodología en el brief)."
104,Adolescentes con experiencia directa en apuestas online,Motivaciones para participar en apuestas online,Motivaciones para participar en apuestas online (Sí),Quería probar suerte,Edad,15 años,89,,,19,Tabla 3,Tabla,Múltiple,No aplica,"Requiere la composición demográfica interna del subgrupo de exposición, que el informe no publica; para no encadenar dos inferencias porcentuales independientes se deja la Base y el N en blanco (ver metodología en el brief)."
105,Adolescentes con experiencia directa en apuestas online,Motivaciones para participar en apuestas online,Motivaciones para participar en apuestas online (Sí),Es divertido,Edad,15 años,84,,,19,Tabla 3,Tabla,Múltiple,No aplica,"Requiere la composición demográfica interna del subgrupo de exposición, que el informe no publica; para no encadenar dos inferencias porcentuales independientes se deja la Base y el N en blanco (ver metodología en el brief)."
106,Adolescentes con experiencia directa en apuestas online,Motivaciones para participar en apuestas online,Motivaciones para participar en apuestas online (Sí),"Se gana plata fácil, rápido y sin esfuerzos",Edad,15 años,51,,,19,Tabla 3,Tabla,Múltiple,No aplica,"Requiere la composición demográfica interna del subgrupo de exposición, que el informe no publica; para no encadenar dos inferencias porcentuales independientes se deja la Base y el N en blanco (ver metodología en el brief)."
107,Adolescentes con experiencia directa en apuestas online,Motivaciones para participar en apuestas online,Motivaciones para participar en apuestas online (Sí),"Recibí un bono gratis, descuento, promociones y/o créditos para empezar",Edad,15 años,41,,,19,Tabla 3,Tabla,Múltiple,No aplica,"Requiere la composición demográfica interna del subgrupo de exposición, que el informe no publica; para no encadenar dos inferencias porcentuales independientes se deja la Base y el N en blanco (ver metodología en el brief)."
108,Adolescentes con experiencia directa en apuestas online,Motivaciones para participar en apuestas online,Motivaciones para participar en apuestas online (Sí),Quería colaborar en los gastos de mi familia,Edad,15 años,13,,,19,Tabla 3,Tabla,Múltiple,No aplica,"Requiere la composición demográfica interna del subgrupo de exposición, que el informe no publica; para no encadenar dos inferencias porcentuales independientes se deja la Base y el N en blanco (ver metodología en el brief)."
109,Adolescentes con experiencia directa en apuestas online,Motivaciones para participar en apuestas online,Motivaciones para participar en apuestas online (Sí),Vi publicidades de influencers o personas famosas que las recomiendan,Edad,15 años,52,,,19,Tabla 3,Tabla,Múltiple,No aplica,"Requiere la composición demográfica interna del subgrupo de exposición, que el informe no publica; para no encadenar dos inferencias porcentuales independientes se deja la Base y el N en blanco (ver metodología en el brief)."
110,Adolescentes con experiencia directa en apuestas online,Motivaciones para participar en apuestas online,Motivaciones para participar en apuestas online (Sí),Puedo competir con otros/as amigos/as que también lo hacen,Edad,15 años,48,,,19,Tabla 3,Tabla,Múltiple,No aplica,"Requiere la composición demográfica interna del subgrupo de exposición, que el informe no publica; para no encadenar dos inferencias porcentuales independientes se deja la Base y el N en blanco (ver metodología en el brief)."
111,Adolescentes con experiencia directa en apuestas online,Motivaciones para participar en apuestas online,Motivaciones para participar en apuestas online (Sí),Tengo adultos/as cercano/as que lo hacen,Edad,15 años,32,,,19,Tabla 3,Tabla,Múltiple,No aplica,"Requiere la composición demográfica interna del subgrupo de exposición, que el informe no publica; para no encadenar dos inferencias porcentuales independientes se deja la Base y el N en blanco (ver metodología en el brief)."
112,Adolescentes con experiencia directa en apuestas online,Motivaciones para participar en apuestas online,Motivaciones para participar en apuestas online (Sí),Muchas personas cercanas lo hacen y no quería quedarme afuera,Edad,15 años,37,,,19,Tabla 3,Tabla,Múltiple,No aplica,"Requiere la composición demográfica interna del subgrupo de exposición, que el informe no publica; para no encadenar dos inferencias porcentuales independientes se deja la Base y el N en blanco (ver metodología en el brief)."
113,Adolescentes con experiencia directa en apuestas online,Motivaciones para participar en apuestas online,Motivaciones para participar en apuestas online (Sí),Quería probar suerte,Edad,16 años,90,,,19,Tabla 3,Tabla,Múltiple,No aplica,"Requiere la composición demográfica interna del subgrupo de exposición, que el informe no publica; para no encadenar dos inferencias porcentuales independientes se deja la Base y el N en blanco (ver metodología en el brief)."
114,Adolescentes con experiencia directa en apuestas online,Motivaciones para participar en apuestas online,Motivaciones para participar en apuestas online (Sí),Es divertido,Edad,16 años,85,,,19,Tabla 3,Tabla,Múltiple,No aplica,"Requiere la composición demográfica interna del subgrupo de exposición, que el informe no publica; para no encadenar dos inferencias porcentuales independientes se deja la Base y el N en blanco (ver metodología en el brief)."
115,Adolescentes con experiencia directa en apuestas online,Motivaciones para participar en apuestas online,Motivaciones para participar en apuestas online (Sí),"Se gana plata fácil, rápido y sin esfuerzos",Edad,16 años,57,,,19,Tabla 3,Tabla,Múltiple,No aplica,"Requiere la composición demográfica interna del subgrupo de exposición, que el informe no publica; para no encadenar dos inferencias porcentuales independientes se deja la Base y el N en blanco (ver metodología en el brief)."
116,Adolescentes con experiencia directa en apuestas online,Motivaciones para participar en apuestas online,Motivaciones para participar en apuestas online (Sí),"Recibí un bono gratis, descuento, promociones y/o créditos para empezar",Edad,16 años,41,,,19,Tabla 3,Tabla,Múltiple,No aplica,"Requiere la composición demográfica interna del subgrupo de exposición, que el informe no publica; para no encadenar dos inferencias porcentuales independientes se deja la Base y el N en blanco (ver metodología en el brief)."
117,Adolescentes con experiencia directa en apuestas online,Motivaciones para participar en apuestas online,Motivaciones para participar en apuestas online (Sí),Quería colaborar en los gastos de mi familia,Edad,16 años,18,,,19,Tabla 3,Tabla,Múltiple,No aplica,"Requiere la composición demográfica interna del subgrupo de exposición, que el informe no publica; para no encadenar dos inferencias porcentuales independientes se deja la Base y el N en blanco (ver metodología en el brief)."
118,Adolescentes con experiencia directa en apuestas online,Motivaciones para participar en apuestas online,Motivaciones para participar en apuestas online (Sí),Vi publicidades de influencers o personas famosas que las recomiendan,Edad,16 años,45,,,19,Tabla 3,Tabla,Múltiple,No aplica,"Requiere la composición demográfica interna del subgrupo de exposición, que el informe no publica; para no encadenar dos inferencias porcentuales independientes se deja la Base y el N en blanco (ver metodología en el brief)."
119,Adolescentes con experiencia directa en apuestas online,Motivaciones para participar en apuestas online,Motivaciones para participar en apuestas online (Sí),Puedo competir con otros/as amigos/as que también lo hacen,Edad,16 años,39,,,19,Tabla 3,Tabla,Múltiple,No aplica,"Requiere la composición demográfica interna del subgrupo de exposición, que el informe no publica; para no encadenar dos inferencias porcentuales independientes se deja la Base y el N en blanco (ver metodología en el brief)."
120,Adolescentes con experiencia directa en apuestas online,Motivaciones para participar en apuestas online,Motivaciones para participar en apuestas online (Sí),Tengo adultos/as cercano/as que lo hacen,Edad,16 años,40,,,19,Tabla 3,Tabla,Múltiple,No aplica,"Requiere la composición demográfica interna del subgrupo de exposición, que el informe no publica; para no encadenar dos inferencias porcentuales independientes se deja la Base y el N en blanco (ver metodología en el brief)."
121,Adolescentes con experiencia directa en apuestas online,Motivaciones para participar en apuestas online,Motivaciones para participar en apuestas online (Sí),Muchas personas cercanas lo hacen y no quería quedarme afuera,Edad,16 años,38,,,19,Tabla 3,Tabla,Múltiple,No aplica,"Requiere la composición demográfica interna del subgrupo de exposición, que el informe no publica; para no encadenar dos inferencias porcentuales independientes se deja la Base y el N en blanco (ver metodología en el brief)."
122,Adolescentes con experiencia directa en apuestas online,Motivaciones para participar en apuestas online,Motivaciones para participar en apuestas online (Sí),Quería probar suerte,Edad,17 años,90,,,19,Tabla 3,Tabla,Múltiple,No aplica,"Requiere la composición demográfica interna del subgrupo de exposición, que el informe no publica; para no encadenar dos inferencias porcentuales independientes se deja la Base y el N en blanco (ver metodología en el brief)."
123,Adolescentes con experiencia directa en apuestas online,Motivaciones para participar en apuestas online,Motivaciones para participar en apuestas online (Sí),Es divertido,Edad,17 años,85,,,19,Tabla 3,Tabla,Múltiple,No aplica,"Requiere la composición demográfica interna del subgrupo de exposición, que el informe no publica; para no encadenar dos inferencias porcentuales independientes se deja la Base y el N en blanco (ver metodología en el brief)."
124,Adolescentes con experiencia directa en apuestas online,Motivaciones para participar en apuestas online,Motivaciones para participar en apuestas online (Sí),"Se gana plata fácil, rápido y sin esfuerzos",Edad,17 años,45,,,19,Tabla 3,Tabla,Múltiple,No aplica,"Requiere la composición demográfica interna del subgrupo de exposición, que el informe no publica; para no encadenar dos inferencias porcentuales independientes se deja la Base y el N en blanco (ver metodología en el brief)."
125,Adolescentes con experiencia directa en apuestas online,Motivaciones para participar en apuestas online,Motivaciones para participar en apuestas online (Sí),"Recibí un bono gratis, descuento, promociones y/o créditos para empezar",Edad,17 años,47,,,19,Tabla 3,Tabla,Múltiple,No aplica,"Requiere la composición demográfica interna del subgrupo de exposición, que el informe no publica; para no encadenar dos inferencias porcentuales independientes se deja la Base y el N en blanco (ver metodología en el brief)."
126,Adolescentes con experiencia directa en apuestas online,Motivaciones para participar en apuestas online,Motivaciones para participar en apuestas online (Sí),Quería colaborar en los gastos de mi familia,Edad,17 años,16,,,19,Tabla 3,Tabla,Múltiple,No aplica,"Requiere la composición demográfica interna del subgrupo de exposición, que el informe no publica; para no encadenar dos inferencias porcentuales independientes se deja la Base y el N en blanco (ver metodología en el brief)."
127,Adolescentes con experiencia directa en apuestas online,Motivaciones para participar en apuestas online,Motivaciones para participar en apuestas online (Sí),Vi publicidades de influencers o personas famosas que las recomiendan,Edad,17 años,59,,,19,Tabla 3,Tabla,Múltiple,No aplica,"Requiere la composición demográfica interna del subgrupo de exposición, que el informe no publica; para no encadenar dos inferencias porcentuales independientes se deja la Base y el N en blanco (ver metodología en el brief)."
128,Adolescentes con experiencia directa en apuestas online,Motivaciones para participar en apuestas online,Motivaciones para participar en apuestas online (Sí),Puedo competir con otros/as amigos/as que también lo hacen,Edad,17 años,37,,,19,Tabla 3,Tabla,Múltiple,No aplica,"Requiere la composición demográfica interna del subgrupo de exposición, que el informe no publica; para no encadenar dos inferencias porcentuales independientes se deja la Base y el N en blanco (ver metodología en el brief)."
129,Adolescentes con experiencia directa en apuestas online,Motivaciones para participar en apuestas online,Motivaciones para participar en apuestas online (Sí),Tengo adultos/as cercano/as que lo hacen,Edad,17 años,45,,,19,Tabla 3,Tabla,Múltiple,No aplica,"Requiere la composición demográfica interna del subgrupo de exposición, que el informe no publica; para no encadenar dos inferencias porcentuales independientes se deja la Base y el N en blanco (ver metodología en el brief)."
130,Adolescentes con experiencia directa en apuestas online,Motivaciones para participar en apuestas online,Motivaciones para participar en apuestas online (Sí),Muchas personas cercanas lo hacen y no quería quedarme afuera,Edad,17 años,43,,,19,Tabla 3,Tabla,Múltiple,No aplica,"Requiere la composición demográfica interna del subgrupo de exposición, que el informe no publica; para no encadenar dos inferencias porcentuales independientes se deja la Base y el N en blanco (ver metodología en el brief)."
131,Adolescentes con experiencia directa en apuestas online,Motivaciones para participar en apuestas online,Motivaciones para participar en apuestas online (Sí),Quería probar suerte,Edad,18 años,91,,,19,Tabla 3,Tabla,Múltiple,No aplica,"Requiere la composición demográfica interna del subgrupo de exposición, que el informe no publica; para no encadenar dos inferencias porcentuales independientes se deja la Base y el N en blanco (ver metodología en el brief)."
132,Adolescentes con experiencia directa en apuestas online,Motivaciones para participar en apuestas online,Motivaciones para participar en apuestas online (Sí),Es divertido,Edad,18 años,85,,,19,Tabla 3,Tabla,Múltiple,No aplica,"Requiere la composición demográfica interna del subgrupo de exposición, que el informe no publica; para no encadenar dos inferencias porcentuales independientes se deja la Base y el N en blanco (ver metodología en el brief)."
133,Adolescentes con experiencia directa en apuestas online,Motivaciones para participar en apuestas online,Motivaciones para participar en apuestas online (Sí),"Se gana plata fácil, rápido y sin esfuerzos",Edad,18 años,49,,,19,Tabla 3,Tabla,Múltiple,No aplica,"Requiere la composición demográfica interna del subgrupo de exposición, que el informe no publica; para no encadenar dos inferencias porcentuales independientes se deja la Base y el N en blanco (ver metodología en el brief)."
134,Adolescentes con experiencia directa en apuestas online,Motivaciones para participar en apuestas online,Motivaciones para participar en apuestas online (Sí),"Recibí un bono gratis, descuento, promociones y/o créditos para empezar",Edad,18 años,55,,,19,Tabla 3,Tabla,Múltiple,No aplica,"Requiere la composición demográfica interna del subgrupo de exposición, que el informe no publica; para no encadenar dos inferencias porcentuales independientes se deja la Base y el N en blanco (ver metodología en el brief)."
135,Adolescentes con experiencia directa en apuestas online,Motivaciones para participar en apuestas online,Motivaciones para participar en apuestas online (Sí),Quería colaborar en los gastos de mi familia,Edad,18 años,10,,,19,Tabla 3,Tabla,Múltiple,No aplica,"Requiere la composición demográfica interna del subgrupo de exposición, que el informe no publica; para no encadenar dos inferencias porcentuales independientes se deja la Base y el N en blanco (ver metodología en el brief)."
136,Adolescentes con experiencia directa en apuestas online,Motivaciones para participar en apuestas online,Motivaciones para participar en apuestas online (Sí),Vi publicidades de influencers o personas famosas que las recomiendan,Edad,18 años,48,,,19,Tabla 3,Tabla,Múltiple,No aplica,"Requiere la composición demográfica interna del subgrupo de exposición, que el informe no publica; para no encadenar dos inferencias porcentuales independientes se deja la Base y el N en blanco (ver metodología en el brief)."
137,Adolescentes con experiencia directa en apuestas online,Motivaciones para participar en apuestas online,Motivaciones para participar en apuestas online (Sí),Puedo competir con otros/as amigos/as que también lo hacen,Edad,18 años,29,,,19,Tabla 3,Tabla,Múltiple,No aplica,"Requiere la composición demográfica interna del subgrupo de exposición, que el informe no publica; para no encadenar dos inferencias porcentuales independientes se deja la Base y el N en blanco (ver metodología en el brief)."
138,Adolescentes con experiencia directa en apuestas online,Motivaciones para participar en apuestas online,Motivaciones para participar en apuestas online (Sí),Tengo adultos/as cercano/as que lo hacen,Edad,18 años,30,,,19,Tabla 3,Tabla,Múltiple,No aplica,"Requiere la composición demográfica interna del subgrupo de exposición, que el informe no publica; para no encadenar dos inferencias porcentuales independientes se deja la Base y el N en blanco (ver metodología en el brief)."
139,Adolescentes con experiencia directa en apuestas online,Motivaciones para participar en apuestas online,Motivaciones para participar en apuestas online (Sí),Muchas personas cercanas lo hacen y no quería quedarme afuera,Edad,18 años,36,,,19,Tabla 3,Tabla,Múltiple,No aplica,"Requiere la composición demográfica interna del subgrupo de exposición, que el informe no publica; para no encadenar dos inferencias porcentuales independientes se deja la Base y el N en blanco (ver metodología en el brief)."
140,Adolescentes con experiencia directa en apuestas online,Motivaciones para participar en apuestas online,Motivaciones para participar en apuestas online (Sí),Quería probar suerte,Región,AMBA,90,,,20,Tabla 4,Tabla,Múltiple,No aplica,"Requiere la composición demográfica interna del subgrupo de exposición, que el informe no publica; para no encadenar dos inferencias porcentuales independientes se deja la Base y el N en blanco (ver metodología en el brief)."
141,Adolescentes con experiencia directa en apuestas online,Motivaciones para participar en apuestas online,Motivaciones para participar en apuestas online (Sí),Es divertido,Región,AMBA,87,,,20,Tabla 4,Tabla,Múltiple,No aplica,"Requiere la composición demográfica interna del subgrupo de exposición, que el informe no publica; para no encadenar dos inferencias porcentuales independientes se deja la Base y el N en blanco (ver metodología en el brief)."
142,Adolescentes con experiencia directa en apuestas online,Motivaciones para participar en apuestas online,Motivaciones para participar en apuestas online (Sí),"Se gana plata fácil, rápido y sin esfuerzos",Región,AMBA,46,,,20,Tabla 4,Tabla,Múltiple,No aplica,"Requiere la composición demográfica interna del subgrupo de exposición, que el informe no publica; para no encadenar dos inferencias porcentuales independientes se deja la Base y el N en blanco (ver metodología en el brief)."
143,Adolescentes con experiencia directa en apuestas online,Motivaciones para participar en apuestas online,Motivaciones para participar en apuestas online (Sí),"Recibí un bono gratis, descuento, promociones y/o créditos para empezar",Región,AMBA,41,,,20,Tabla 4,Tabla,Múltiple,No aplica,"Requiere la composición demográfica interna del subgrupo de exposición, que el informe no publica; para no encadenar dos inferencias porcentuales independientes se deja la Base y el N en blanco (ver metodología en el brief)."
144,Adolescentes con experiencia directa en apuestas online,Motivaciones para participar en apuestas online,Motivaciones para participar en apuestas online (Sí),Quería colaborar en los gastos de mi familia,Región,AMBA,10,,,20,Tabla 4,Tabla,Múltiple,No aplica,"Requiere la composición demográfica interna del subgrupo de exposición, que el informe no publica; para no encadenar dos inferencias porcentuales independientes se deja la Base y el N en blanco (ver metodología en el brief)."
145,Adolescentes con experiencia directa en apuestas online,Motivaciones para participar en apuestas online,Motivaciones para participar en apuestas online (Sí),Vi publicidades de influencers o personas famosas que las recomiendan,Región,AMBA,52,,,20,Tabla 4,Tabla,Múltiple,No aplica,"Requiere la composición demográfica interna del subgrupo de exposición, que el informe no publica; para no encadenar dos inferencias porcentuales independientes se deja la Base y el N en blanco (ver metodología en el brief)."
146,Adolescentes con experiencia directa en apuestas online,Motivaciones para participar en apuestas online,Motivaciones para participar en apuestas online (Sí),Puedo competir con otros/as amigos/as que también lo hacen,Región,AMBA,49,,,20,Tabla 4,Tabla,Múltiple,No aplica,"Requiere la composición demográfica interna del subgrupo de exposición, que el informe no publica; para no encadenar dos inferencias porcentuales independientes se deja la Base y el N en blanco (ver metodología en el brief)."
147,Adolescentes con experiencia directa en apuestas online,Motivaciones para participar en apuestas online,Motivaciones para participar en apuestas online (Sí),Tengo adultos/as cercano/as que lo hacen,Región,AMBA,34,,,20,Tabla 4,Tabla,Múltiple,No aplica,"Requiere la composición demográfica interna del subgrupo de exposición, que el informe no publica; para no encadenar dos inferencias porcentuales independientes se deja la Base y el N en blanco (ver metodología en el brief)."
148,Adolescentes con experiencia directa en apuestas online,Motivaciones para participar en apuestas online,Motivaciones para participar en apuestas online (Sí),Muchas personas cercanas lo hacen y no quería quedarme afuera,Región,AMBA,40,,,20,Tabla 4,Tabla,Múltiple,No aplica,"Requiere la composición demográfica interna del subgrupo de exposición, que el informe no publica; para no encadenar dos inferencias porcentuales independientes se deja la Base y el N en blanco (ver metodología en el brief)."
149,Adolescentes con experiencia directa en apuestas online,Motivaciones para participar en apuestas online,Motivaciones para participar en apuestas online (Sí),Quería probar suerte,Región,Centro,87,,,20,Tabla 4,Tabla,Múltiple,No aplica,"Requiere la composición demográfica interna del subgrupo de exposición, que el informe no publica; para no encadenar dos inferencias porcentuales independientes se deja la Base y el N en blanco (ver metodología en el brief)."
150,Adolescentes con experiencia directa en apuestas online,Motivaciones para participar en apuestas online,Motivaciones para participar en apuestas online (Sí),Es divertido,Región,Centro,81,,,20,Tabla 4,Tabla,Múltiple,No aplica,"Requiere la composición demográfica interna del subgrupo de exposición, que el informe no publica; para no encadenar dos inferencias porcentuales independientes se deja la Base y el N en blanco (ver metodología en el brief)."
151,Adolescentes con experiencia directa en apuestas online,Motivaciones para participar en apuestas online,Motivaciones para participar en apuestas online (Sí),"Se gana plata fácil, rápido y sin esfuerzos",Región,Centro,50,,,20,Tabla 4,Tabla,Múltiple,No aplica,"Requiere la composición demográfica interna del subgrupo de exposición, que el informe no publica; para no encadenar dos inferencias porcentuales independientes se deja la Base y el N en blanco (ver metodología en el brief)."
152,Adolescentes con experiencia directa en apuestas online,Motivaciones para participar en apuestas online,Motivaciones para participar en apuestas online (Sí),"Recibí un bono gratis, descuento, promociones y/o créditos para empezar",Región,Centro,39,,,20,Tabla 4,Tabla,Múltiple,No aplica,"Requiere la composición demográfica interna del subgrupo de exposición, que el informe no publica; para no encadenar dos inferencias porcentuales independientes se deja la Base y el N en blanco (ver metodología en el brief)."
153,Adolescentes con experiencia directa en apuestas online,Motivaciones para participar en apuestas online,Motivaciones para participar en apuestas online (Sí),Quería colaborar en los gastos de mi familia,Región,Centro,12,,,20,Tabla 4,Tabla,Múltiple,No aplica,"Requiere la composición demográfica interna del subgrupo de exposición, que el informe no publica; para no encadenar dos inferencias porcentuales independientes se deja la Base y el N en blanco (ver metodología en el brief)."
154,Adolescentes con experiencia directa en apuestas online,Motivaciones para participar en apuestas online,Motivaciones para participar en apuestas online (Sí),Vi publicidades de influencers o personas famosas que las recomiendan,Región,Centro,43,,,20,Tabla 4,Tabla,Múltiple,No aplica,"Requiere la composición demográfica interna del subgrupo de exposición, que el informe no publica; para no encadenar dos inferencias porcentuales independientes se deja la Base y el N en blanco (ver metodología en el brief)."
155,Adolescentes con experiencia directa en apuestas online,Motivaciones para participar en apuestas online,Motivaciones para participar en apuestas online (Sí),Puedo competir con otros/as amigos/as que también lo hacen,Región,Centro,39,,,20,Tabla 4,Tabla,Múltiple,No aplica,"Requiere la composición demográfica interna del subgrupo de exposición, que el informe no publica; para no encadenar dos inferencias porcentuales independientes se deja la Base y el N en blanco (ver metodología en el brief)."
156,Adolescentes con experiencia directa en apuestas online,Motivaciones para participar en apuestas online,Motivaciones para participar en apuestas online (Sí),Tengo adultos/as cercano/as que lo hacen,Región,Centro,33,,,20,Tabla 4,Tabla,Múltiple,No aplica,"Requiere la composición demográfica interna del subgrupo de exposición, que el informe no publica; para no encadenar dos inferencias porcentuales independientes se deja la Base y el N en blanco (ver metodología en el brief)."
157,Adolescentes con experiencia directa en apuestas online,Motivaciones para participar en apuestas online,Motivaciones para participar en apuestas online (Sí),Muchas personas cercanas lo hacen y no quería quedarme afuera,Región,Centro,29,,,20,Tabla 4,Tabla,Múltiple,No aplica,"Requiere la composición demográfica interna del subgrupo de exposición, que el informe no publica; para no encadenar dos inferencias porcentuales independientes se deja la Base y el N en blanco (ver metodología en el brief)."
158,Adolescentes con experiencia directa en apuestas online,Motivaciones para participar en apuestas online,Motivaciones para participar en apuestas online (Sí),Quería probar suerte,Región,Cuyo,91,,,20,Tabla 4,Tabla,Múltiple,No aplica,"Requiere la composición demográfica interna del subgrupo de exposición, que el informe no publica; para no encadenar dos inferencias porcentuales independientes se deja la Base y el N en blanco (ver metodología en el brief)."
159,Adolescentes con experiencia directa en apuestas online,Motivaciones para participar en apuestas online,Motivaciones para participar en apuestas online (Sí),Es divertido,Región,Cuyo,90,,,20,Tabla 4,Tabla,Múltiple,No aplica,"Requiere la composición demográfica interna del subgrupo de exposición, que el informe no publica; para no encadenar dos inferencias porcentuales independientes se deja la Base y el N en blanco (ver metodología en el brief)."
160,Adolescentes con experiencia directa en apuestas online,Motivaciones para participar en apuestas online,Motivaciones para participar en apuestas online (Sí),"Se gana plata fácil, rápido y sin esfuerzos",Región,Cuyo,50,,,20,Tabla 4,Tabla,Múltiple,No aplica,"Requiere la composición demográfica interna del subgrupo de exposición, que el informe no publica; para no encadenar dos inferencias porcentuales independientes se deja la Base y el N en blanco (ver metodología en el brief)."
161,Adolescentes con experiencia directa en apuestas online,Motivaciones para participar en apuestas online,Motivaciones para participar en apuestas online (Sí),"Recibí un bono gratis, descuento, promociones y/o créditos para empezar",Región,Cuyo,54,,,20,Tabla 4,Tabla,Múltiple,No aplica,"Requiere la composición demográfica interna del subgrupo de exposición, que el informe no publica; para no encadenar dos inferencias porcentuales independientes se deja la Base y el N en blanco (ver metodología en el brief)."
162,Adolescentes con experiencia directa en apuestas online,Motivaciones para participar en apuestas online,Motivaciones para participar en apuestas online (Sí),Quería colaborar en los gastos de mi familia,Región,Cuyo,20,,,20,Tabla 4,Tabla,Múltiple,No aplica,"Requiere la composición demográfica interna del subgrupo de exposición, que el informe no publica; para no encadenar dos inferencias porcentuales independientes se deja la Base y el N en blanco (ver metodología en el brief)."
163,Adolescentes con experiencia directa en apuestas online,Motivaciones para participar en apuestas online,Motivaciones para participar en apuestas online (Sí),Vi publicidades de influencers o personas famosas que las recomiendan,Región,Cuyo,69,,,20,Tabla 4,Tabla,Múltiple,No aplica,"Requiere la composición demográfica interna del subgrupo de exposición, que el informe no publica; para no encadenar dos inferencias porcentuales independientes se deja la Base y el N en blanco (ver metodología en el brief)."
164,Adolescentes con experiencia directa en apuestas online,Motivaciones para participar en apuestas online,Motivaciones para participar en apuestas online (Sí),Puedo competir con otros/as amigos/as que también lo hacen,Región,Cuyo,36,,,20,Tabla 4,Tabla,Múltiple,No aplica,"Requiere la composición demográfica interna del subgrupo de exposición, que el informe no publica; para no encadenar dos inferencias porcentuales independientes se deja la Base y el N en blanco (ver metodología en el brief)."
165,Adolescentes con experiencia directa en apuestas online,Motivaciones para participar en apuestas online,Motivaciones para participar en apuestas online (Sí),Tengo adultos/as cercano/as que lo hacen,Región,Cuyo,61,,,20,Tabla 4,Tabla,Múltiple,No aplica,"Requiere la composición demográfica interna del subgrupo de exposición, que el informe no publica; para no encadenar dos inferencias porcentuales independientes se deja la Base y el N en blanco (ver metodología en el brief)."
166,Adolescentes con experiencia directa en apuestas online,Motivaciones para participar en apuestas online,Motivaciones para participar en apuestas online (Sí),Muchas personas cercanas lo hacen y no quería quedarme afuera,Región,Cuyo,77,,,20,Tabla 4,Tabla,Múltiple,No aplica,"Requiere la composición demográfica interna del subgrupo de exposición, que el informe no publica; para no encadenar dos inferencias porcentuales independientes se deja la Base y el N en blanco (ver metodología en el brief)."
167,Adolescentes con experiencia directa en apuestas online,Motivaciones para participar en apuestas online,Motivaciones para participar en apuestas online (Sí),Quería probar suerte,Región,NEA,83,,,20,Tabla 4,Tabla,Múltiple,No aplica,"Requiere la composición demográfica interna del subgrupo de exposición, que el informe no publica; para no encadenar dos inferencias porcentuales independientes se deja la Base y el N en blanco (ver metodología en el brief)."
168,Adolescentes con experiencia directa en apuestas online,Motivaciones para participar en apuestas online,Motivaciones para participar en apuestas online (Sí),Es divertido,Región,NEA,76,,,20,Tabla 4,Tabla,Múltiple,No aplica,"Requiere la composición demográfica interna del subgrupo de exposición, que el informe no publica; para no encadenar dos inferencias porcentuales independientes se deja la Base y el N en blanco (ver metodología en el brief)."
169,Adolescentes con experiencia directa en apuestas online,Motivaciones para participar en apuestas online,Motivaciones para participar en apuestas online (Sí),"Se gana plata fácil, rápido y sin esfuerzos",Región,NEA,57,,,20,Tabla 4,Tabla,Múltiple,No aplica,"Requiere la composición demográfica interna del subgrupo de exposición, que el informe no publica; para no encadenar dos inferencias porcentuales independientes se deja la Base y el N en blanco (ver metodología en el brief)."
170,Adolescentes con experiencia directa en apuestas online,Motivaciones para participar en apuestas online,Motivaciones para participar en apuestas online (Sí),"Recibí un bono gratis, descuento, promociones y/o créditos para empezar",Región,NEA,46,,,20,Tabla 4,Tabla,Múltiple,No aplica,"Requiere la composición demográfica interna del subgrupo de exposición, que el informe no publica; para no encadenar dos inferencias porcentuales independientes se deja la Base y el N en blanco (ver metodología en el brief)."
171,Adolescentes con experiencia directa en apuestas online,Motivaciones para participar en apuestas online,Motivaciones para participar en apuestas online (Sí),Quería colaborar en los gastos de mi familia,Región,NEA,24,,,20,Tabla 4,Tabla,Múltiple,No aplica,"Requiere la composición demográfica interna del subgrupo de exposición, que el informe no publica; para no encadenar dos inferencias porcentuales independientes se deja la Base y el N en blanco (ver metodología en el brief)."
172,Adolescentes con experiencia directa en apuestas online,Motivaciones para participar en apuestas online,Motivaciones para participar en apuestas online (Sí),Vi publicidades de influencers o personas famosas que las recomiendan,Región,NEA,38,,,20,Tabla 4,Tabla,Múltiple,No aplica,"Requiere la composición demográfica interna del subgrupo de exposición, que el informe no publica; para no encadenar dos inferencias porcentuales independientes se deja la Base y el N en blanco (ver metodología en el brief)."
173,Adolescentes con experiencia directa en apuestas online,Motivaciones para participar en apuestas online,Motivaciones para participar en apuestas online (Sí),Puedo competir con otros/as amigos/as que también lo hacen,Región,NEA,35,,,20,Tabla 4,Tabla,Múltiple,No aplica,"Requiere la composición demográfica interna del subgrupo de exposición, que el informe no publica; para no encadenar dos inferencias porcentuales independientes se deja la Base y el N en blanco (ver metodología en el brief)."
174,Adolescentes con experiencia directa en apuestas online,Motivaciones para participar en apuestas online,Motivaciones para participar en apuestas online (Sí),Tengo adultos/as cercano/as que lo hacen,Región,NEA,48,,,20,Tabla 4,Tabla,Múltiple,No aplica,"Requiere la composición demográfica interna del subgrupo de exposición, que el informe no publica; para no encadenar dos inferencias porcentuales independientes se deja la Base y el N en blanco (ver metodología en el brief)."
175,Adolescentes con experiencia directa en apuestas online,Motivaciones para participar en apuestas online,Motivaciones para participar en apuestas online (Sí),Muchas personas cercanas lo hacen y no quería quedarme afuera,Región,NEA,39,,,20,Tabla 4,Tabla,Múltiple,No aplica,"Requiere la composición demográfica interna del subgrupo de exposición, que el informe no publica; para no encadenar dos inferencias porcentuales independientes se deja la Base y el N en blanco (ver metodología en el brief)."
176,Adolescentes con experiencia directa en apuestas online,Motivaciones para participar en apuestas online,Motivaciones para participar en apuestas online (Sí),Quería probar suerte,Región,NOA,93,,,20,Tabla 4,Tabla,Múltiple,No aplica,"Requiere la composición demográfica interna del subgrupo de exposición, que el informe no publica; para no encadenar dos inferencias porcentuales independientes se deja la Base y el N en blanco (ver metodología en el brief)."
177,Adolescentes con experiencia directa en apuestas online,Motivaciones para participar en apuestas online,Motivaciones para participar en apuestas online (Sí),Es divertido,Región,NOA,84,,,20,Tabla 4,Tabla,Múltiple,No aplica,"Requiere la composición demográfica interna del subgrupo de exposición, que el informe no publica; para no encadenar dos inferencias porcentuales independientes se deja la Base y el N en blanco (ver metodología en el brief)."
178,Adolescentes con experiencia directa en apuestas online,Motivaciones para participar en apuestas online,Motivaciones para participar en apuestas online (Sí),"Se gana plata fácil, rápido y sin esfuerzos",Región,NOA,74,,,20,Tabla 4,Tabla,Múltiple,No aplica,"Requiere la composición demográfica interna del subgrupo de exposición, que el informe no publica; para no encadenar dos inferencias porcentuales independientes se deja la Base y el N en blanco (ver metodología en el brief)."
179,Adolescentes con experiencia directa en apuestas online,Motivaciones para participar en apuestas online,Motivaciones para participar en apuestas online (Sí),"Recibí un bono gratis, descuento, promociones y/o créditos para empezar",Región,NOA,53,,,20,Tabla 4,Tabla,Múltiple,No aplica,"Requiere la composición demográfica interna del subgrupo de exposición, que el informe no publica; para no encadenar dos inferencias porcentuales independientes se deja la Base y el N en blanco (ver metodología en el brief)."
180,Adolescentes con experiencia directa en apuestas online,Motivaciones para participar en apuestas online,Motivaciones para participar en apuestas online (Sí),Quería colaborar en los gastos de mi familia,Región,NOA,23,,,20,Tabla 4,Tabla,Múltiple,No aplica,"Requiere la composición demográfica interna del subgrupo de exposición, que el informe no publica; para no encadenar dos inferencias porcentuales independientes se deja la Base y el N en blanco (ver metodología en el brief)."
181,Adolescentes con experiencia directa en apuestas online,Motivaciones para participar en apuestas online,Motivaciones para participar en apuestas online (Sí),Vi publicidades de influencers o personas famosas que las recomiendan,Región,NOA,59,,,20,Tabla 4,Tabla,Múltiple,No aplica,"Requiere la composición demográfica interna del subgrupo de exposición, que el informe no publica; para no encadenar dos inferencias porcentuales independientes se deja la Base y el N en blanco (ver metodología en el brief)."
182,Adolescentes con experiencia directa en apuestas online,Motivaciones para participar en apuestas online,Motivaciones para participar en apuestas online (Sí),Puedo competir con otros/as amigos/as que también lo hacen,Región,NOA,44,,,20,Tabla 4,Tabla,Múltiple,No aplica,"Requiere la composición demográfica interna del subgrupo de exposición, que el informe no publica; para no encadenar dos inferencias porcentuales independientes se deja la Base y el N en blanco (ver metodología en el brief)."
183,Adolescentes con experiencia directa en apuestas online,Motivaciones para participar en apuestas online,Motivaciones para participar en apuestas online (Sí),Tengo adultos/as cercano/as que lo hacen,Región,NOA,46,,,20,Tabla 4,Tabla,Múltiple,No aplica,"Requiere la composición demográfica interna del subgrupo de exposición, que el informe no publica; para no encadenar dos inferencias porcentuales independientes se deja la Base y el N en blanco (ver metodología en el brief)."
184,Adolescentes con experiencia directa en apuestas online,Motivaciones para participar en apuestas online,Motivaciones para participar en apuestas online (Sí),Muchas personas cercanas lo hacen y no quería quedarme afuera,Región,NOA,36,,,20,Tabla 4,Tabla,Múltiple,No aplica,"Requiere la composición demográfica interna del subgrupo de exposición, que el informe no publica; para no encadenar dos inferencias porcentuales independientes se deja la Base y el N en blanco (ver metodología en el brief)."
185,Adolescentes con experiencia directa en apuestas online,Motivaciones para participar en apuestas online,Motivaciones para participar en apuestas online (Sí),Quería probar suerte,Región,Patagonia,87,,,20,Tabla 4,Tabla,Múltiple,No aplica,"Requiere la composición demográfica interna del subgrupo de exposición, que el informe no publica; para no encadenar dos inferencias porcentuales independientes se deja la Base y el N en blanco (ver metodología en el brief)."
186,Adolescentes con experiencia directa en apuestas online,Motivaciones para participar en apuestas online,Motivaciones para participar en apuestas online (Sí),Es divertido,Región,Patagonia,84,,,20,Tabla 4,Tabla,Múltiple,No aplica,"Requiere la composición demográfica interna del subgrupo de exposición, que el informe no publica; para no encadenar dos inferencias porcentuales independientes se deja la Base y el N en blanco (ver metodología en el brief)."
187,Adolescentes con experiencia directa en apuestas online,Motivaciones para participar en apuestas online,Motivaciones para participar en apuestas online (Sí),"Se gana plata fácil, rápido y sin esfuerzos",Región,Patagonia,59,,,20,Tabla 4,Tabla,Múltiple,No aplica,"Requiere la composición demográfica interna del subgrupo de exposición, que el informe no publica; para no encadenar dos inferencias porcentuales independientes se deja la Base y el N en blanco (ver metodología en el brief)."
188,Adolescentes con experiencia directa en apuestas online,Motivaciones para participar en apuestas online,Motivaciones para participar en apuestas online (Sí),"Recibí un bono gratis, descuento, promociones y/o créditos para empezar",Región,Patagonia,39,,,20,Tabla 4,Tabla,Múltiple,No aplica,"Requiere la composición demográfica interna del subgrupo de exposición, que el informe no publica; para no encadenar dos inferencias porcentuales independientes se deja la Base y el N en blanco (ver metodología en el brief)."
189,Adolescentes con experiencia directa en apuestas online,Motivaciones para participar en apuestas online,Motivaciones para participar en apuestas online (Sí),Quería colaborar en los gastos de mi familia,Región,Patagonia,16,,,20,Tabla 4,Tabla,Múltiple,No aplica,"Requiere la composición demográfica interna del subgrupo de exposición, que el informe no publica; para no encadenar dos inferencias porcentuales independientes se deja la Base y el N en blanco (ver metodología en el brief)."
190,Adolescentes con experiencia directa en apuestas online,Motivaciones para participar en apuestas online,Motivaciones para participar en apuestas online (Sí),Vi publicidades de influencers o personas famosas que las recomiendan,Región,Patagonia,45,,,20,Tabla 4,Tabla,Múltiple,No aplica,"Requiere la composición demográfica interna del subgrupo de exposición, que el informe no publica; para no encadenar dos inferencias porcentuales independientes se deja la Base y el N en blanco (ver metodología en el brief)."
191,Adolescentes con experiencia directa en apuestas online,Motivaciones para participar en apuestas online,Motivaciones para participar en apuestas online (Sí),Puedo competir con otros/as amigos/as que también lo hacen,Región,Patagonia,38,,,20,Tabla 4,Tabla,Múltiple,No aplica,"Requiere la composición demográfica interna del subgrupo de exposición, que el informe no publica; para no encadenar dos inferencias porcentuales independientes se deja la Base y el N en blanco (ver metodología en el brief)."
192,Adolescentes con experiencia directa en apuestas online,Motivaciones para participar en apuestas online,Motivaciones para participar en apuestas online (Sí),Tengo adultos/as cercano/as que lo hacen,Región,Patagonia,40,,,20,Tabla 4,Tabla,Múltiple,No aplica,"Requiere la composición demográfica interna del subgrupo de exposición, que el informe no publica; para no encadenar dos inferencias porcentuales independientes se deja la Base y el N en blanco (ver metodología en el brief)."
193,Adolescentes con experiencia directa en apuestas online,Motivaciones para participar en apuestas online,Motivaciones para participar en apuestas online (Sí),Muchas personas cercanas lo hacen y no quería quedarme afuera,Región,Patagonia,31,,,20,Tabla 4,Tabla,Múltiple,No aplica,"Requiere la composición demográfica interna del subgrupo de exposición, que el informe no publica; para no encadenar dos inferencias porcentuales independientes se deja la Base y el N en blanco (ver metodología en el brief)."
194,Adolescentes con experiencia directa en apuestas online,Dispositivos de acceso,Dispositivo de acceso para participar en apuestas online,Mi celular,Total,,83,1827,1516,21,Gráfico 5,Gráfico,Única,Inferida,
195,Adolescentes con experiencia directa en apuestas online,Dispositivos de acceso,Dispositivo de acceso para participar en apuestas online,La computadora/tablet de alguien conocido/a,Total,,2,1827,37,21,Gráfico 5,Gráfico,Única,Inferida,
196,Adolescentes con experiencia directa en apuestas online,Dispositivos de acceso,Dispositivo de acceso para participar en apuestas online,El celular de alguien conocido/a,Total,,6,1827,110,21,Gráfico 5,Gráfico,Única,Inferida,
197,Adolescentes con experiencia directa en apuestas online,Dispositivos de acceso,Dispositivo de acceso para participar en apuestas online,Mi computadora/tablet,Total,,9,1827,164,21,Gráfico 5,Gráfico,Única,Inferida,
198,Adolescentes con experiencia directa en apuestas online,Dispositivos de acceso,Dispositivo de acceso para participar en apuestas online,Mi celular,Género,Mujeres,89,,,22,,Texto,Única,No aplica,"Requiere la composición demográfica interna del subgrupo de exposición, que el informe no publica; para no encadenar dos inferencias porcentuales independientes se deja la Base y el N en blanco (ver metodología en el brief)."
199,Adolescentes con experiencia directa en apuestas online,Dispositivos de acceso,Dispositivo de acceso para participar en apuestas online,Mi celular,Género,Varones,82,,,22,,Texto,Única,No aplica,"Requiere la composición demográfica interna del subgrupo de exposición, que el informe no publica; para no encadenar dos inferencias porcentuales independientes se deja la Base y el N en blanco (ver metodología en el brief)."
200,Adolescentes con experiencia directa en apuestas online,Dispositivos de acceso,Dispositivo de acceso para participar en apuestas online,Mi computadora/tablet,Género,Mujeres,1,,,22,,Texto,Única,No aplica,"Requiere la composición demográfica interna del subgrupo de exposición, que el informe no publica; para no encadenar dos inferencias porcentuales independientes se deja la Base y el N en blanco (ver metodología en el brief)."
201,Adolescentes con experiencia directa en apuestas online,Dispositivos de acceso,Dispositivo de acceso para participar en apuestas online,Mi computadora/tablet,Género,Varones,12,,,22,,Texto,Única,No aplica,"Requiere la composición demográfica interna del subgrupo de exposición, que el informe no publica; para no encadenar dos inferencias porcentuales independientes se deja la Base y el N en blanco (ver metodología en el brief)."
202,Adolescentes con experiencia directa en apuestas online,Dispositivos de acceso,Dispositivo de acceso para participar en apuestas online,Mi celular,Edad,17 años,90,,,22,,Texto,Única,No aplica,"Requiere la composición demográfica interna del subgrupo de exposición, que el informe no publica; para no encadenar dos inferencias porcentuales independientes se deja la Base y el N en blanco (ver metodología en el brief)."
203,Adolescentes con experiencia directa en apuestas online,Dispositivos de acceso,Dispositivo de acceso para participar en apuestas online,Mi celular,Edad,18 años,88,,,22,,Texto,Única,No aplica,"Requiere la composición demográfica interna del subgrupo de exposición, que el informe no publica; para no encadenar dos inferencias porcentuales independientes se deja la Base y el N en blanco (ver metodología en el brief)."
204,Adolescentes con experiencia directa en apuestas online,Tipo de apuestas online y medios de pago,Tipo de apuestas online,Casinos o loterías virtuales,Total,,56,1827,1023,22,Gráfico 6,Gráfico,Única,Inferida,
205,Adolescentes con experiencia directa en apuestas online,Tipo de apuestas online y medios de pago,Tipo de apuestas online,Ambas,Total,,26,1827,475,22,Gráfico 6,Gráfico,Única,Inferida,
206,Adolescentes con experiencia directa en apuestas online,Tipo de apuestas online y medios de pago,Tipo de apuestas online,Apuestas deportivas,Total,,16,1827,292,22,Gráfico 6,Gráfico,Única,Inferida,
207,Adolescentes con experiencia directa en apuestas online,Tipo de apuestas online y medios de pago,Tipo de apuestas online,Otro tipo de apuestas,Total,,2,1827,37,22,Gráfico 6,Gráfico,Única,Inferida,
208,Adolescentes con experiencia directa en apuestas online,Tipo de apuestas online y medios de pago,Tipo de apuestas online,Casinos o loterías virtuales,Género,Mujeres,71,,,22,Tabla 5,Tabla,Única,No aplica,"Requiere la composición demográfica interna del subgrupo de exposición, que el informe no publica; para no encadenar dos inferencias porcentuales independientes se deja la Base y el N en blanco (ver metodología en el brief)."
209,Adolescentes con experiencia directa en apuestas online,Tipo de apuestas online y medios de pago,Tipo de apuestas online,Ambas,Género,Mujeres,11,,,22,Tabla 5,Tabla,Única,No aplica,"Requiere la composición demográfica interna del subgrupo de exposición, que el informe no publica; para no encadenar dos inferencias porcentuales independientes se deja la Base y el N en blanco (ver metodología en el brief)."
210,Adolescentes con experiencia directa en apuestas online,Tipo de apuestas online y medios de pago,Tipo de apuestas online,Apuestas deportivas,Género,Mujeres,8,,,22,Tabla 5,Tabla,Única,No aplica,"Requiere la composición demográfica interna del subgrupo de exposición, que el informe no publica; para no encadenar dos inferencias porcentuales independientes se deja la Base y el N en blanco (ver metodología en el brief)."
211,Adolescentes con experiencia directa en apuestas online,Tipo de apuestas online y medios de pago,Tipo de apuestas online,Otro tipo de apuestas,Género,Mujeres,11,,,22,Tabla 5,Tabla,Única,No aplica,"Requiere la composición demográfica interna del subgrupo de exposición, que el informe no publica; para no encadenar dos inferencias porcentuales independientes se deja la Base y el N en blanco (ver metodología en el brief)."
212,Adolescentes con experiencia directa en apuestas online,Tipo de apuestas online y medios de pago,Tipo de apuestas online,Casinos o loterías virtuales,Género,Varones,49,,,22,Tabla 5,Tabla,Única,No aplica,"Requiere la composición demográfica interna del subgrupo de exposición, que el informe no publica; para no encadenar dos inferencias porcentuales independientes se deja la Base y el N en blanco (ver metodología en el brief)."
213,Adolescentes con experiencia directa en apuestas online,Tipo de apuestas online y medios de pago,Tipo de apuestas online,Ambas,Género,Varones,31,,,22,Tabla 5,Tabla,Única,No aplica,"Requiere la composición demográfica interna del subgrupo de exposición, que el informe no publica; para no encadenar dos inferencias porcentuales independientes se deja la Base y el N en blanco (ver metodología en el brief)."
214,Adolescentes con experiencia directa en apuestas online,Tipo de apuestas online y medios de pago,Tipo de apuestas online,Apuestas deportivas,Género,Varones,18,,,22,Tabla 5,Tabla,Única,No aplica,"Requiere la composición demográfica interna del subgrupo de exposición, que el informe no publica; para no encadenar dos inferencias porcentuales independientes se deja la Base y el N en blanco (ver metodología en el brief)."
215,Adolescentes con experiencia directa en apuestas online,Tipo de apuestas online y medios de pago,Tipo de apuestas online,Otro tipo de apuestas,Género,Varones,2,,,22,Tabla 5,Tabla,Única,No aplica,"Requiere la composición demográfica interna del subgrupo de exposición, que el informe no publica; para no encadenar dos inferencias porcentuales independientes se deja la Base y el N en blanco (ver metodología en el brief)."
216,Adolescentes con experiencia directa en apuestas online,Tipo de apuestas online y medios de pago,Tipo de apuestas online,Casinos o loterías virtuales,Región,AMBA,52,,,22,Tabla 5,Tabla,Única,No aplica,"Requiere la composición demográfica interna del subgrupo de exposición, que el informe no publica; para no encadenar dos inferencias porcentuales independientes se deja la Base y el N en blanco (ver metodología en el brief)."
217,Adolescentes con experiencia directa en apuestas online,Tipo de apuestas online y medios de pago,Tipo de apuestas online,Ambas,Región,AMBA,31,,,22,Tabla 5,Tabla,Única,No aplica,"Requiere la composición demográfica interna del subgrupo de exposición, que el informe no publica; para no encadenar dos inferencias porcentuales independientes se deja la Base y el N en blanco (ver metodología en el brief)."
218,Adolescentes con experiencia directa en apuestas online,Tipo de apuestas online y medios de pago,Tipo de apuestas online,Apuestas deportivas,Región,AMBA,11,,,22,Tabla 5,Tabla,Única,No aplica,"Requiere la composición demográfica interna del subgrupo de exposición, que el informe no publica; para no encadenar dos inferencias porcentuales independientes se deja la Base y el N en blanco (ver metodología en el brief)."
219,Adolescentes con experiencia directa en apuestas online,Tipo de apuestas online y medios de pago,Tipo de apuestas online,Otro tipo de apuestas,Región,AMBA,5,,,22,Tabla 5,Tabla,Única,No aplica,"Requiere la composición demográfica interna del subgrupo de exposición, que el informe no publica; para no encadenar dos inferencias porcentuales independientes se deja la Base y el N en blanco (ver metodología en el brief)."
220,Adolescentes con experiencia directa en apuestas online,Tipo de apuestas online y medios de pago,Tipo de apuestas online,Casinos o loterías virtuales,Región,Centro,56,,,22,Tabla 5,Tabla,Única,No aplica,"Requiere la composición demográfica interna del subgrupo de exposición, que el informe no publica; para no encadenar dos inferencias porcentuales independientes se deja la Base y el N en blanco (ver metodología en el brief)."
221,Adolescentes con experiencia directa en apuestas online,Tipo de apuestas online y medios de pago,Tipo de apuestas online,Ambas,Región,Centro,25,,,22,Tabla 5,Tabla,Única,No aplica,"Requiere la composición demográfica interna del subgrupo de exposición, que el informe no publica; para no encadenar dos inferencias porcentuales independientes se deja la Base y el N en blanco (ver metodología en el brief)."
222,Adolescentes con experiencia directa en apuestas online,Tipo de apuestas online y medios de pago,Tipo de apuestas online,Apuestas deportivas,Región,Centro,13,,,22,Tabla 5,Tabla,Única,No aplica,"Requiere la composición demográfica interna del subgrupo de exposición, que el informe no publica; para no encadenar dos inferencias porcentuales independientes se deja la Base y el N en blanco (ver metodología en el brief)."
223,Adolescentes con experiencia directa en apuestas online,Tipo de apuestas online y medios de pago,Tipo de apuestas online,Otro tipo de apuestas,Región,Centro,6,,,22,Tabla 5,Tabla,Única,No aplica,"Requiere la composición demográfica interna del subgrupo de exposición, que el informe no publica; para no encadenar dos inferencias porcentuales independientes se deja la Base y el N en blanco (ver metodología en el brief)."
224,Adolescentes con experiencia directa en apuestas online,Tipo de apuestas online y medios de pago,Tipo de apuestas online,Casinos o loterías virtuales,Región,Cuyo,76,,,22,Tabla 5,Tabla,Única,No aplica,"Requiere la composición demográfica interna del subgrupo de exposición, que el informe no publica; para no encadenar dos inferencias porcentuales independientes se deja la Base y el N en blanco (ver metodología en el brief)."
225,Adolescentes con experiencia directa en apuestas online,Tipo de apuestas online y medios de pago,Tipo de apuestas online,Ambas,Región,Cuyo,14,,,22,Tabla 5,Tabla,Única,No aplica,"Requiere la composición demográfica interna del subgrupo de exposición, que el informe no publica; para no encadenar dos inferencias porcentuales independientes se deja la Base y el N en blanco (ver metodología en el brief)."
226,Adolescentes con experiencia directa en apuestas online,Tipo de apuestas online y medios de pago,Tipo de apuestas online,Apuestas deportivas,Región,Cuyo,10,,,22,Tabla 5,Tabla,Única,No aplica,"Requiere la composición demográfica interna del subgrupo de exposición, que el informe no publica; para no encadenar dos inferencias porcentuales independientes se deja la Base y el N en blanco (ver metodología en el brief)."
227,Adolescentes con experiencia directa en apuestas online,Tipo de apuestas online y medios de pago,Tipo de apuestas online,Otro tipo de apuestas,Región,Cuyo,1,,,22,Tabla 5,Tabla,Única,No aplica,"Requiere la composición demográfica interna del subgrupo de exposición, que el informe no publica; para no encadenar dos inferencias porcentuales independientes se deja la Base y el N en blanco (ver metodología en el brief)."
228,Adolescentes con experiencia directa en apuestas online,Tipo de apuestas online y medios de pago,Tipo de apuestas online,Casinos o loterías virtuales,Región,NEA,52,,,22,Tabla 5,Tabla,Única,No aplica,"Requiere la composición demográfica interna del subgrupo de exposición, que el informe no publica; para no encadenar dos inferencias porcentuales independientes se deja la Base y el N en blanco (ver metodología en el brief)."
229,Adolescentes con experiencia directa en apuestas online,Tipo de apuestas online y medios de pago,Tipo de apuestas online,Ambas,Región,NEA,23,,,22,Tabla 5,Tabla,Única,No aplica,"Requiere la composición demográfica interna del subgrupo de exposición, que el informe no publica; para no encadenar dos inferencias porcentuales independientes se deja la Base y el N en blanco (ver metodología en el brief)."
230,Adolescentes con experiencia directa en apuestas online,Tipo de apuestas online y medios de pago,Tipo de apuestas online,Apuestas deportivas,Región,NEA,21,,,22,Tabla 5,Tabla,Única,No aplica,"Requiere la composición demográfica interna del subgrupo de exposición, que el informe no publica; para no encadenar dos inferencias porcentuales independientes se deja la Base y el N en blanco (ver metodología en el brief)."
231,Adolescentes con experiencia directa en apuestas online,Tipo de apuestas online y medios de pago,Tipo de apuestas online,Otro tipo de apuestas,Región,NEA,4,,,22,Tabla 5,Tabla,Única,No aplica,"Requiere la composición demográfica interna del subgrupo de exposición, que el informe no publica; para no encadenar dos inferencias porcentuales independientes se deja la Base y el N en blanco (ver metodología en el brief)."
232,Adolescentes con experiencia directa en apuestas online,Tipo de apuestas online y medios de pago,Tipo de apuestas online,Casinos o loterías virtuales,Región,NOA,38,,,22,Tabla 5,Tabla,Única,No aplica,"Requiere la composición demográfica interna del subgrupo de exposición, que el informe no publica; para no encadenar dos inferencias porcentuales independientes se deja la Base y el N en blanco (ver metodología en el brief)."
233,Adolescentes con experiencia directa en apuestas online,Tipo de apuestas online y medios de pago,Tipo de apuestas online,Ambas,Región,NOA,29,,,22,Tabla 5,Tabla,Única,No aplica,"Requiere la composición demográfica interna del subgrupo de exposición, que el informe no publica; para no encadenar dos inferencias porcentuales independientes se deja la Base y el N en blanco (ver metodología en el brief)."
234,Adolescentes con experiencia directa en apuestas online,Tipo de apuestas online y medios de pago,Tipo de apuestas online,Apuestas deportivas,Región,NOA,30,,,22,Tabla 5,Tabla,Única,No aplica,"Requiere la composición demográfica interna del subgrupo de exposición, que el informe no publica; para no encadenar dos inferencias porcentuales independientes se deja la Base y el N en blanco (ver metodología en el brief)."
235,Adolescentes con experiencia directa en apuestas online,Tipo de apuestas online y medios de pago,Tipo de apuestas online,Otro tipo de apuestas,Región,NOA,3,,,22,Tabla 5,Tabla,Única,No aplica,"Requiere la composición demográfica interna del subgrupo de exposición, que el informe no publica; para no encadenar dos inferencias porcentuales independientes se deja la Base y el N en blanco (ver metodología en el brief)."
236,Adolescentes con experiencia directa en apuestas online,Tipo de apuestas online y medios de pago,Tipo de apuestas online,Casinos o loterías virtuales,Región,Patagonia,64,,,22,Tabla 5,Tabla,Única,No aplica,"Requiere la composición demográfica interna del subgrupo de exposición, que el informe no publica; para no encadenar dos inferencias porcentuales independientes se deja la Base y el N en blanco (ver metodología en el brief)."
237,Adolescentes con experiencia directa en apuestas online,Tipo de apuestas online y medios de pago,Tipo de apuestas online,Ambas,Región,Patagonia,23,,,22,Tabla 5,Tabla,Única,No aplica,"Requiere la composición demográfica interna del subgrupo de exposición, que el informe no publica; para no encadenar dos inferencias porcentuales independientes se deja la Base y el N en blanco (ver metodología en el brief)."
238,Adolescentes con experiencia directa en apuestas online,Tipo de apuestas online y medios de pago,Tipo de apuestas online,Apuestas deportivas,Región,Patagonia,12,,,22,Tabla 5,Tabla,Única,No aplica,"Requiere la composición demográfica interna del subgrupo de exposición, que el informe no publica; para no encadenar dos inferencias porcentuales independientes se deja la Base y el N en blanco (ver metodología en el brief)."
239,Adolescentes con experiencia directa en apuestas online,Tipo de apuestas online y medios de pago,Tipo de apuestas online,Otro tipo de apuestas,Región,Patagonia,2,,,22,Tabla 5,Tabla,Única,No aplica,"Requiere la composición demográfica interna del subgrupo de exposición, que el informe no publica; para no encadenar dos inferencias porcentuales independientes se deja la Base y el N en blanco (ver metodología en el brief)."
240,Adolescentes con experiencia directa en apuestas online,Tipo de apuestas online y medios de pago,Medio de pago utilizado para hacer apuestas online,Billeteras virtuales,Total,,83,1827,1516,23,Gráfico 7,Gráfico,Múltiple,Inferida,
241,Adolescentes con experiencia directa en apuestas online,Tipo de apuestas online y medios de pago,Medio de pago utilizado para hacer apuestas online,Tarjeta de débito,Total,,7,1827,128,23,Gráfico 7,Gráfico,Múltiple,Inferida,
242,Adolescentes con experiencia directa en apuestas online,Tipo de apuestas online y medios de pago,Medio de pago utilizado para hacer apuestas online,Le doy plata en efectivo a alguien para que me ayude a apostar,Total,,6,1827,110,23,Gráfico 7,Gráfico,Múltiple,Inferida,
243,Adolescentes con experiencia directa en apuestas online,Tipo de apuestas online y medios de pago,Medio de pago utilizado para hacer apuestas online,Otros medios de pago,Total,,5,1827,91,23,Gráfico 7,Gráfico,Múltiple,Inferida,
244,Adolescentes con experiencia directa en apuestas online,Tipo de apuestas online y medios de pago,Medio de pago utilizado para hacer apuestas online,Criptomonedas,Total,,5,1827,91,23,Gráfico 7,Gráfico,Múltiple,Inferida,
245,Adolescentes con experiencia directa en apuestas online,Tipo de apuestas online y medios de pago,Medio de pago utilizado para hacer apuestas online,Tarjeta de crédito,Total,,5,1827,91,23,Gráfico 7,Gráfico,Múltiple,Inferida,
246,Adolescentes con experiencia directa en apuestas online,Tipo de apuestas online y medios de pago,Titularidad de la tarjeta de débito/crédito utilizada,Propia,Total,,79,,,23,,Texto,Única,No aplica,Base: solo quienes declararon usar tarjeta de débito o crédito (subgrupo de N_DIRECTA); no se infiere N.
247,Adolescentes con experiencia directa en apuestas online,Tipo de apuestas online y medios de pago,Titularidad de la tarjeta de débito/crédito utilizada,Ajena,Total,,21,,,23,,Texto,Única,No aplica,Base: solo quienes declararon usar tarjeta de débito o crédito (subgrupo de N_DIRECTA); no se infiere N.
248,Adolescentes con experiencia directa en apuestas online,Tipo de apuestas online y medios de pago,¿Alguna vez quedaste debiendo plata por apostar online?,Sí,Total,,12,1827,219,23,,Texto,Única,Inferida,
249,Adolescentes con experiencia directa en apuestas online,Tipo de apuestas online y medios de pago,¿Alguna vez quedaste debiendo plata por apostar online?,No,Total,,88,1827,1608,23,,Texto,Única,Inferida,
250,Adolescentes con experiencia directa en apuestas online,Socialización y exposición,Vías de conocimiento sobre las apuestas online,Recomendación de amigos/as o compañeros/as,Total,,45,1827,822,24,Gráfico 8,Gráfico,Múltiple,Inferida,
251,Adolescentes con experiencia directa en apuestas online,Socialización y exposición,Vías de conocimiento sobre las apuestas online,Redes sociales,Total,,44,1827,804,24,Gráfico 8,Gráfico,Múltiple,Inferida,
252,Adolescentes con experiencia directa en apuestas online,Socialización y exposición,Vías de conocimiento sobre las apuestas online,Tengo familiares que participan,Total,,22,1827,402,24,Gráfico 8,Gráfico,Múltiple,Inferida,
253,Adolescentes con experiencia directa en apuestas online,Socialización y exposición,Vías de conocimiento sobre las apuestas online,Publicidad en páginas web,Total,,14,1827,256,24,Gráfico 8,Gráfico,Múltiple,Inferida,
254,Adolescentes con experiencia directa en apuestas online,Socialización y exposición,Vías de conocimiento sobre las apuestas online,Canales de Youtube o Streaming,Total,,11,1827,201,24,Gráfico 8,Gráfico,Múltiple,Inferida,
255,Adolescentes con experiencia directa en apuestas online,Socialización y exposición,Vías de conocimiento sobre las apuestas online,Publicidad de influencers o personas famosas,Total,,11,1827,201,24,Gráfico 8,Gráfico,Múltiple,Inferida,
256,Adolescentes con experiencia directa en apuestas online,Socialización y exposición,Vías de conocimiento sobre las apuestas online,Publicidad en camisetas o sponsors de equipos de fútbol,Total,,7,1827,128,24,Gráfico 8,Gráfico,Múltiple,Inferida,
257,Adolescentes con experiencia directa en apuestas online,Socialización y exposición,Vías de conocimiento sobre las apuestas online,Otro,Total,,4,1827,73,24,Gráfico 8,Gráfico,Múltiple,Inferida,
258,Adolescentes con experiencia directa en apuestas online,Socialización y exposición,Vías de conocimiento sobre las apuestas online,Transmisión de eventos deportivos,Total,,3,1827,55,24,Gráfico 8,Gráfico,Múltiple,Inferida,
259,Adolescentes con experiencia directa en apuestas online,Socialización y exposición,Vías de conocimiento sobre las apuestas online,Publicidad en televisión o radio,Total,,3,1827,55,24,Gráfico 8,Gráfico,Múltiple,Inferida,
260,Adolescentes con experiencia directa en apuestas online,Socialización y exposición,Relación con la persona que facilitó el acceso a las apuestas,Tenía relación,Total,,43,1827,786,24,,Texto,Única,Inferida,
261,Adolescentes con experiencia directa en apuestas online,Socialización y exposición,Relación con la persona que facilitó el acceso a las apuestas,No tenía relación,Total,,57,1827,1041,24,,Texto,Única,Inferida,
262,Adolescentes con experiencia directa en apuestas online,Socialización y exposición,Relación con la persona que facilitó el acceso a las apuestas,Tenía relación,Género,Mujeres,49,,,24,,Texto,Única,No aplica,"Requiere la composición demográfica interna del subgrupo de exposición, que el informe no publica; para no encadenar dos inferencias porcentuales independientes se deja la Base y el N en blanco (ver metodología en el brief)."
263,Adolescentes con experiencia directa en apuestas online,Socialización y exposición,Relación con la persona que facilitó el acceso a las apuestas,No tenía relación,Género,Varones,58,,,24,,Texto,Única,No aplica,"Requiere la composición demográfica interna del subgrupo de exposición, que el informe no publica; para no encadenar dos inferencias porcentuales independientes se deja la Base y el N en blanco (ver metodología en el brief)."
264,Adolescentes con experiencia directa en apuestas online,Socialización y exposición,Relación con la persona que facilitó el acceso a las apuestas,No tenía relación,Región,Cuyo,65,,,24,,Texto,Única,No aplica,"Requiere la composición demográfica interna del subgrupo de exposición, que el informe no publica; para no encadenar dos inferencias porcentuales independientes se deja la Base y el N en blanco (ver metodología en el brief)."
265,Adolescentes con experiencia directa en apuestas online,Socialización y exposición,Relación con la persona que facilitó el acceso a las apuestas,No tenía relación,Región,Centro,62,,,24,,Texto,Única,No aplica,"Requiere la composición demográfica interna del subgrupo de exposición, que el informe no publica; para no encadenar dos inferencias porcentuales independientes se deja la Base y el N en blanco (ver metodología en el brief)."
266,Adolescentes con experiencia directa en apuestas online,Socialización y exposición,Relación con la persona que facilitó el acceso a las apuestas,No tenía relación,Región,NEA,60,,,24,,Texto,Única,No aplica,"Requiere la composición demográfica interna del subgrupo de exposición, que el informe no publica; para no encadenar dos inferencias porcentuales independientes se deja la Base y el N en blanco (ver metodología en el brief)."
267,Adolescentes con experiencia directa en apuestas online,Socialización y exposición,Tipo de vínculo con la persona facilitadora (entre quienes sí tenían vínculo),Amistad,Total,,57,,,25,,Texto,Única,No aplica,Base: subgrupo con vínculo declarado (43% de N_DIRECTA); no se infiere N.
268,Adolescentes con experiencia directa en apuestas online,Socialización y exposición,Tipo de vínculo con la persona facilitadora (entre quienes sí tenían vínculo),Familiares,Total,,20,,,25,,Texto,Única,No aplica,Base: subgrupo con vínculo declarado (43% de N_DIRECTA); no se infiere N.
269,Adolescentes con experiencia directa en apuestas online,Socialización y exposición,Tipo de vínculo con la persona facilitadora (entre quienes sí tenían vínculo),Amistad,Género,Varones,68,,,25,,Texto,Única,No aplica,"Requiere la composición demográfica interna del subgrupo de exposición, que el informe no publica; para no encadenar dos inferencias porcentuales independientes se deja la Base y el N en blanco (ver metodología en el brief)."
270,Adolescentes con experiencia directa en apuestas online,Socialización y exposición,Tipo de vínculo con la persona facilitadora (entre quienes sí tenían vínculo),Amistad,Género,Mujeres,26,,,25,,Texto,Única,No aplica,"Requiere la composición demográfica interna del subgrupo de exposición, que el informe no publica; para no encadenar dos inferencias porcentuales independientes se deja la Base y el N en blanco (ver metodología en el brief)."
271,Adolescentes con experiencia directa en apuestas online,Socialización y exposición,Tipo de vínculo con la persona facilitadora (entre quienes sí tenían vínculo),Familiares,Género,Mujeres,34,,,25,,Texto,Única,No aplica,"Requiere la composición demográfica interna del subgrupo de exposición, que el informe no publica; para no encadenar dos inferencias porcentuales independientes se deja la Base y el N en blanco (ver metodología en el brief)."
272,Adolescentes con experiencia directa en apuestas online,Socialización y exposición,Tipo de vínculo con la persona facilitadora (entre quienes sí tenían vínculo),Familiares,Género,Varones,16,,,25,,Texto,Única,No aplica,"Requiere la composición demográfica interna del subgrupo de exposición, que el informe no publica; para no encadenar dos inferencias porcentuales independientes se deja la Base y el N en blanco (ver metodología en el brief)."
273,Adolescentes con experiencia directa en apuestas online,Socialización y exposición,Frecuencia de la práctica de apuesta online,"Probé alguna vez, pero no lo hago habitualmente",Total,,65,1827,1188,25,Gráfico 9,Gráfico,Única,Inferida,
274,Adolescentes con experiencia directa en apuestas online,Socialización y exposición,Frecuencia de la práctica de apuesta online,Aposté o apuesto una o dos veces al mes,Total,,21,1827,384,25,Gráfico 9,Gráfico,Única,Inferida,
275,Adolescentes con experiencia directa en apuestas online,Socialización y exposición,Frecuencia de la práctica de apuesta online,Aposté o apuesto entre 1 y 3 veces por semana,Total,,8,1827,146,25,Gráfico 9,Gráfico,Única,Inferida,
276,Adolescentes con experiencia directa en apuestas online,Socialización y exposición,Frecuencia de la práctica de apuesta online,Aposté o apuesto todos los días,Total,,6,1827,110,25,Gráfico 9,Gráfico,Única,Inferida,
277,Adolescentes con experiencia directa en apuestas online,Socialización y exposición,Frecuencia de la práctica de apuesta online,"Probé alguna vez, pero no lo hago habitualmente",Género,Mujeres,75,,,25,Tabla 6,Tabla,Única,No aplica,"Requiere la composición demográfica interna del subgrupo de exposición, que el informe no publica; para no encadenar dos inferencias porcentuales independientes se deja la Base y el N en blanco (ver metodología en el brief)."
278,Adolescentes con experiencia directa en apuestas online,Socialización y exposición,Frecuencia de la práctica de apuesta online,Aposté o apuesto una o dos veces al mes,Género,Mujeres,20,,,25,Tabla 6,Tabla,Única,No aplica,"Requiere la composición demográfica interna del subgrupo de exposición, que el informe no publica; para no encadenar dos inferencias porcentuales independientes se deja la Base y el N en blanco (ver metodología en el brief)."
279,Adolescentes con experiencia directa en apuestas online,Socialización y exposición,Frecuencia de la práctica de apuesta online,Aposté o apuesto entre 1 y 3 veces por semana,Género,Mujeres,5,,,25,Tabla 6,Tabla,Única,No aplica,"Requiere la composición demográfica interna del subgrupo de exposición, que el informe no publica; para no encadenar dos inferencias porcentuales independientes se deja la Base y el N en blanco (ver metodología en el brief)."
280,Adolescentes con experiencia directa en apuestas online,Socialización y exposición,Frecuencia de la práctica de apuesta online,Aposté o apuesto todos los días,Género,Mujeres,1,,,25,Tabla 6,Tabla,Única,No aplica,"Requiere la composición demográfica interna del subgrupo de exposición, que el informe no publica; para no encadenar dos inferencias porcentuales independientes se deja la Base y el N en blanco (ver metodología en el brief)."
281,Adolescentes con experiencia directa en apuestas online,Socialización y exposición,Frecuencia de la práctica de apuesta online,"Probé alguna vez, pero no lo hago habitualmente",Género,Varones,62,,,25,Tabla 6,Tabla,Única,No aplica,"Requiere la composición demográfica interna del subgrupo de exposición, que el informe no publica; para no encadenar dos inferencias porcentuales independientes se deja la Base y el N en blanco (ver metodología en el brief)."
282,Adolescentes con experiencia directa en apuestas online,Socialización y exposición,Frecuencia de la práctica de apuesta online,Aposté o apuesto una o dos veces al mes,Género,Varones,21,,,25,Tabla 6,Tabla,Única,No aplica,"Requiere la composición demográfica interna del subgrupo de exposición, que el informe no publica; para no encadenar dos inferencias porcentuales independientes se deja la Base y el N en blanco (ver metodología en el brief)."
283,Adolescentes con experiencia directa en apuestas online,Socialización y exposición,Frecuencia de la práctica de apuesta online,Aposté o apuesto entre 1 y 3 veces por semana,Género,Varones,10,,,25,Tabla 6,Tabla,Única,No aplica,"Requiere la composición demográfica interna del subgrupo de exposición, que el informe no publica; para no encadenar dos inferencias porcentuales independientes se deja la Base y el N en blanco (ver metodología en el brief)."
284,Adolescentes con experiencia directa en apuestas online,Socialización y exposición,Frecuencia de la práctica de apuesta online,Aposté o apuesto todos los días,Género,Varones,7,,,25,Tabla 6,Tabla,Única,No aplica,"Requiere la composición demográfica interna del subgrupo de exposición, que el informe no publica; para no encadenar dos inferencias porcentuales independientes se deja la Base y el N en blanco (ver metodología en el brief)."
285,Adolescentes con experiencia directa en apuestas online,Socialización y exposición,Frecuencia de la práctica de apuesta online,"Probé alguna vez, pero no lo hago habitualmente",Edad,13 años,65,,,25,Tabla 6,Tabla,Única,No aplica,"Requiere la composición demográfica interna del subgrupo de exposición, que el informe no publica; para no encadenar dos inferencias porcentuales independientes se deja la Base y el N en blanco (ver metodología en el brief)."
286,Adolescentes con experiencia directa en apuestas online,Socialización y exposición,Frecuencia de la práctica de apuesta online,Aposté o apuesto una o dos veces al mes,Edad,13 años,18,,,25,Tabla 6,Tabla,Única,No aplica,"Requiere la composición demográfica interna del subgrupo de exposición, que el informe no publica; para no encadenar dos inferencias porcentuales independientes se deja la Base y el N en blanco (ver metodología en el brief)."
287,Adolescentes con experiencia directa en apuestas online,Socialización y exposición,Frecuencia de la práctica de apuesta online,Aposté o apuesto entre 1 y 3 veces por semana,Edad,13 años,12,,,25,Tabla 6,Tabla,Única,No aplica,"Requiere la composición demográfica interna del subgrupo de exposición, que el informe no publica; para no encadenar dos inferencias porcentuales independientes se deja la Base y el N en blanco (ver metodología en el brief)."
288,Adolescentes con experiencia directa en apuestas online,Socialización y exposición,Frecuencia de la práctica de apuesta online,Aposté o apuesto todos los días,Edad,13 años,6,,,25,Tabla 6,Tabla,Única,No aplica,"Requiere la composición demográfica interna del subgrupo de exposición, que el informe no publica; para no encadenar dos inferencias porcentuales independientes se deja la Base y el N en blanco (ver metodología en el brief)."
289,Adolescentes con experiencia directa en apuestas online,Socialización y exposición,Frecuencia de la práctica de apuesta online,"Probé alguna vez, pero no lo hago habitualmente",Edad,14 años,56,,,25,Tabla 6,Tabla,Única,No aplica,"Requiere la composición demográfica interna del subgrupo de exposición, que el informe no publica; para no encadenar dos inferencias porcentuales independientes se deja la Base y el N en blanco (ver metodología en el brief)."
290,Adolescentes con experiencia directa en apuestas online,Socialización y exposición,Frecuencia de la práctica de apuesta online,Aposté o apuesto una o dos veces al mes,Edad,14 años,17,,,25,Tabla 6,Tabla,Única,No aplica,"Requiere la composición demográfica interna del subgrupo de exposición, que el informe no publica; para no encadenar dos inferencias porcentuales independientes se deja la Base y el N en blanco (ver metodología en el brief)."
291,Adolescentes con experiencia directa en apuestas online,Socialización y exposición,Frecuencia de la práctica de apuesta online,Aposté o apuesto entre 1 y 3 veces por semana,Edad,14 años,9,,,25,Tabla 6,Tabla,Única,No aplica,"Requiere la composición demográfica interna del subgrupo de exposición, que el informe no publica; para no encadenar dos inferencias porcentuales independientes se deja la Base y el N en blanco (ver metodología en el brief)."
292,Adolescentes con experiencia directa en apuestas online,Socialización y exposición,Frecuencia de la práctica de apuesta online,Aposté o apuesto todos los días,Edad,14 años,17,,,25,Tabla 6,Tabla,Única,No aplica,"Requiere la composición demográfica interna del subgrupo de exposición, que el informe no publica; para no encadenar dos inferencias porcentuales independientes se deja la Base y el N en blanco (ver metodología en el brief)."
293,Adolescentes con experiencia directa en apuestas online,Socialización y exposición,Frecuencia de la práctica de apuesta online,"Probé alguna vez, pero no lo hago habitualmente",Edad,15 años,53,,,25,Tabla 6,Tabla,Única,No aplica,"Requiere la composición demográfica interna del subgrupo de exposición, que el informe no publica; para no encadenar dos inferencias porcentuales independientes se deja la Base y el N en blanco (ver metodología en el brief)."
294,Adolescentes con experiencia directa en apuestas online,Socialización y exposición,Frecuencia de la práctica de apuesta online,Aposté o apuesto una o dos veces al mes,Edad,15 años,31,,,25,Tabla 6,Tabla,Única,No aplica,"Requiere la composición demográfica interna del subgrupo de exposición, que el informe no publica; para no encadenar dos inferencias porcentuales independientes se deja la Base y el N en blanco (ver metodología en el brief)."
295,Adolescentes con experiencia directa en apuestas online,Socialización y exposición,Frecuencia de la práctica de apuesta online,Aposté o apuesto entre 1 y 3 veces por semana,Edad,15 años,11,,,25,Tabla 6,Tabla,Única,No aplica,"Requiere la composición demográfica interna del subgrupo de exposición, que el informe no publica; para no encadenar dos inferencias porcentuales independientes se deja la Base y el N en blanco (ver metodología en el brief)."
296,Adolescentes con experiencia directa en apuestas online,Socialización y exposición,Frecuencia de la práctica de apuesta online,Aposté o apuesto todos los días,Edad,15 años,5,,,25,Tabla 6,Tabla,Única,No aplica,"Requiere la composición demográfica interna del subgrupo de exposición, que el informe no publica; para no encadenar dos inferencias porcentuales independientes se deja la Base y el N en blanco (ver metodología en el brief)."
297,Adolescentes con experiencia directa en apuestas online,Socialización y exposición,Frecuencia de la práctica de apuesta online,"Probé alguna vez, pero no lo hago habitualmente",Edad,16 años,72,,,25,Tabla 6,Tabla,Única,No aplica,"Requiere la composición demográfica interna del subgrupo de exposición, que el informe no publica; para no encadenar dos inferencias porcentuales independientes se deja la Base y el N en blanco (ver metodología en el brief)."
298,Adolescentes con experiencia directa en apuestas online,Socialización y exposición,Frecuencia de la práctica de apuesta online,Aposté o apuesto una o dos veces al mes,Edad,16 años,17,,,25,Tabla 6,Tabla,Única,No aplica,"Requiere la composición demográfica interna del subgrupo de exposición, que el informe no publica; para no encadenar dos inferencias porcentuales independientes se deja la Base y el N en blanco (ver metodología en el brief)."
299,Adolescentes con experiencia directa en apuestas online,Socialización y exposición,Frecuencia de la práctica de apuesta online,Aposté o apuesto entre 1 y 3 veces por semana,Edad,16 años,9,,,25,Tabla 6,Tabla,Única,No aplica,"Requiere la composición demográfica interna del subgrupo de exposición, que el informe no publica; para no encadenar dos inferencias porcentuales independientes se deja la Base y el N en blanco (ver metodología en el brief)."
300,Adolescentes con experiencia directa en apuestas online,Socialización y exposición,Frecuencia de la práctica de apuesta online,Aposté o apuesto todos los días,Edad,16 años,3,,,25,Tabla 6,Tabla,Única,No aplica,"Requiere la composición demográfica interna del subgrupo de exposición, que el informe no publica; para no encadenar dos inferencias porcentuales independientes se deja la Base y el N en blanco (ver metodología en el brief)."
301,Adolescentes con experiencia directa en apuestas online,Socialización y exposición,Frecuencia de la práctica de apuesta online,"Probé alguna vez, pero no lo hago habitualmente",Edad,17 años,73,,,25,Tabla 6,Tabla,Única,No aplica,"Requiere la composición demográfica interna del subgrupo de exposición, que el informe no publica; para no encadenar dos inferencias porcentuales independientes se deja la Base y el N en blanco (ver metodología en el brief)."
302,Adolescentes con experiencia directa en apuestas online,Socialización y exposición,Frecuencia de la práctica de apuesta online,Aposté o apuesto una o dos veces al mes,Edad,17 años,15,,,25,Tabla 6,Tabla,Única,No aplica,"Requiere la composición demográfica interna del subgrupo de exposición, que el informe no publica; para no encadenar dos inferencias porcentuales independientes se deja la Base y el N en blanco (ver metodología en el brief)."
303,Adolescentes con experiencia directa en apuestas online,Socialización y exposición,Frecuencia de la práctica de apuesta online,Aposté o apuesto entre 1 y 3 veces por semana,Edad,17 años,7,,,25,Tabla 6,Tabla,Única,No aplica,"Requiere la composición demográfica interna del subgrupo de exposición, que el informe no publica; para no encadenar dos inferencias porcentuales independientes se deja la Base y el N en blanco (ver metodología en el brief)."
304,Adolescentes con experiencia directa en apuestas online,Socialización y exposición,Frecuencia de la práctica de apuesta online,Aposté o apuesto todos los días,Edad,17 años,5,,,25,Tabla 6,Tabla,Única,No aplica,"Requiere la composición demográfica interna del subgrupo de exposición, que el informe no publica; para no encadenar dos inferencias porcentuales independientes se deja la Base y el N en blanco (ver metodología en el brief)."
305,Adolescentes con experiencia directa en apuestas online,Socialización y exposición,Frecuencia de la práctica de apuesta online,"Probé alguna vez, pero no lo hago habitualmente",Edad,18 años,68,,,25,Tabla 6,Tabla,Única,No aplica,"Requiere la composición demográfica interna del subgrupo de exposición, que el informe no publica; para no encadenar dos inferencias porcentuales independientes se deja la Base y el N en blanco (ver metodología en el brief)."
306,Adolescentes con experiencia directa en apuestas online,Socialización y exposición,Frecuencia de la práctica de apuesta online,Aposté o apuesto una o dos veces al mes,Edad,18 años,23,,,25,Tabla 6,Tabla,Única,No aplica,"Requiere la composición demográfica interna del subgrupo de exposición, que el informe no publica; para no encadenar dos inferencias porcentuales independientes se deja la Base y el N en blanco (ver metodología en el brief)."
307,Adolescentes con experiencia directa en apuestas online,Socialización y exposición,Frecuencia de la práctica de apuesta online,Aposté o apuesto entre 1 y 3 veces por semana,Edad,18 años,5,,,25,Tabla 6,Tabla,Única,No aplica,"Requiere la composición demográfica interna del subgrupo de exposición, que el informe no publica; para no encadenar dos inferencias porcentuales independientes se deja la Base y el N en blanco (ver metodología en el brief)."
308,Adolescentes con experiencia directa en apuestas online,Socialización y exposición,Frecuencia de la práctica de apuesta online,Aposté o apuesto todos los días,Edad,18 años,4,,,25,Tabla 6,Tabla,Única,No aplica,"Requiere la composición demográfica interna del subgrupo de exposición, que el informe no publica; para no encadenar dos inferencias porcentuales independientes se deja la Base y el N en blanco (ver metodología en el brief)."
309,Adolescentes con experiencia directa en apuestas online,Socialización y exposición,Frecuencia de la práctica de apuesta online,"Probé alguna vez, pero no lo hago habitualmente",Región,AMBA,41,,,25,Tabla 6,Tabla,Única,No aplica,"Requiere la composición demográfica interna del subgrupo de exposición, que el informe no publica; para no encadenar dos inferencias porcentuales independientes se deja la Base y el N en blanco (ver metodología en el brief)."
310,Adolescentes con experiencia directa en apuestas online,Socialización y exposición,Frecuencia de la práctica de apuesta online,Aposté o apuesto una o dos veces al mes,Región,AMBA,37,,,25,Tabla 6,Tabla,Única,No aplica,"Requiere la composición demográfica interna del subgrupo de exposición, que el informe no publica; para no encadenar dos inferencias porcentuales independientes se deja la Base y el N en blanco (ver metodología en el brief)."
311,Adolescentes con experiencia directa en apuestas online,Socialización y exposición,Frecuencia de la práctica de apuesta online,Aposté o apuesto entre 1 y 3 veces por semana,Región,AMBA,11,,,25,Tabla 6,Tabla,Única,No aplica,"Requiere la composición demográfica interna del subgrupo de exposición, que el informe no publica; para no encadenar dos inferencias porcentuales independientes se deja la Base y el N en blanco (ver metodología en el brief)."
312,Adolescentes con experiencia directa en apuestas online,Socialización y exposición,Frecuencia de la práctica de apuesta online,Aposté o apuesto todos los días,Región,AMBA,10,,,25,Tabla 6,Tabla,Única,No aplica,"Requiere la composición demográfica interna del subgrupo de exposición, que el informe no publica; para no encadenar dos inferencias porcentuales independientes se deja la Base y el N en blanco (ver metodología en el brief)."
313,Adolescentes con experiencia directa en apuestas online,Socialización y exposición,Frecuencia de la práctica de apuesta online,"Probé alguna vez, pero no lo hago habitualmente",Región,Centro,75,,,25,Tabla 6,Tabla,Única,No aplica,"Requiere la composición demográfica interna del subgrupo de exposición, que el informe no publica; para no encadenar dos inferencias porcentuales independientes se deja la Base y el N en blanco (ver metodología en el brief)."
314,Adolescentes con experiencia directa en apuestas online,Socialización y exposición,Frecuencia de la práctica de apuesta online,Aposté o apuesto una o dos veces al mes,Región,Centro,12,,,25,Tabla 6,Tabla,Única,No aplica,"Requiere la composición demográfica interna del subgrupo de exposición, que el informe no publica; para no encadenar dos inferencias porcentuales independientes se deja la Base y el N en blanco (ver metodología en el brief)."
315,Adolescentes con experiencia directa en apuestas online,Socialización y exposición,Frecuencia de la práctica de apuesta online,Aposté o apuesto entre 1 y 3 veces por semana,Región,Centro,7,,,25,Tabla 6,Tabla,Única,No aplica,"Requiere la composición demográfica interna del subgrupo de exposición, que el informe no publica; para no encadenar dos inferencias porcentuales independientes se deja la Base y el N en blanco (ver metodología en el brief)."
316,Adolescentes con experiencia directa en apuestas online,Socialización y exposición,Frecuencia de la práctica de apuesta online,Aposté o apuesto todos los días,Región,Centro,6,,,25,Tabla 6,Tabla,Única,No aplica,"Requiere la composición demográfica interna del subgrupo de exposición, que el informe no publica; para no encadenar dos inferencias porcentuales independientes se deja la Base y el N en blanco (ver metodología en el brief)."
317,Adolescentes con experiencia directa en apuestas online,Socialización y exposición,Frecuencia de la práctica de apuesta online,"Probé alguna vez, pero no lo hago habitualmente",Región,Cuyo,90,,,25,Tabla 6,Tabla,Única,No aplica,"Requiere la composición demográfica interna del subgrupo de exposición, que el informe no publica; para no encadenar dos inferencias porcentuales independientes se deja la Base y el N en blanco (ver metodología en el brief)."
318,Adolescentes con experiencia directa en apuestas online,Socialización y exposición,Frecuencia de la práctica de apuesta online,Aposté o apuesto una o dos veces al mes,Región,Cuyo,6,,,25,Tabla 6,Tabla,Única,No aplica,"Requiere la composición demográfica interna del subgrupo de exposición, que el informe no publica; para no encadenar dos inferencias porcentuales independientes se deja la Base y el N en blanco (ver metodología en el brief)."
319,Adolescentes con experiencia directa en apuestas online,Socialización y exposición,Frecuencia de la práctica de apuesta online,Aposté o apuesto entre 1 y 3 veces por semana,Región,Cuyo,2,,,25,Tabla 6,Tabla,Única,No aplica,"Requiere la composición demográfica interna del subgrupo de exposición, que el informe no publica; para no encadenar dos inferencias porcentuales independientes se deja la Base y el N en blanco (ver metodología en el brief)."
320,Adolescentes con experiencia directa en apuestas online,Socialización y exposición,Frecuencia de la práctica de apuesta online,Aposté o apuesto todos los días,Región,Cuyo,2,,,25,Tabla 6,Tabla,Única,No aplica,"Requiere la composición demográfica interna del subgrupo de exposición, que el informe no publica; para no encadenar dos inferencias porcentuales independientes se deja la Base y el N en blanco (ver metodología en el brief)."
321,Adolescentes con experiencia directa en apuestas online,Socialización y exposición,Frecuencia de la práctica de apuesta online,"Probé alguna vez, pero no lo hago habitualmente",Región,NEA,73,,,25,Tabla 6,Tabla,Única,No aplica,"Requiere la composición demográfica interna del subgrupo de exposición, que el informe no publica; para no encadenar dos inferencias porcentuales independientes se deja la Base y el N en blanco (ver metodología en el brief)."
322,Adolescentes con experiencia directa en apuestas online,Socialización y exposición,Frecuencia de la práctica de apuesta online,Aposté o apuesto una o dos veces al mes,Región,NEA,19,,,25,Tabla 6,Tabla,Única,No aplica,"Requiere la composición demográfica interna del subgrupo de exposición, que el informe no publica; para no encadenar dos inferencias porcentuales independientes se deja la Base y el N en blanco (ver metodología en el brief)."
323,Adolescentes con experiencia directa en apuestas online,Socialización y exposición,Frecuencia de la práctica de apuesta online,Aposté o apuesto entre 1 y 3 veces por semana,Región,NEA,6,,,25,Tabla 6,Tabla,Única,No aplica,"Requiere la composición demográfica interna del subgrupo de exposición, que el informe no publica; para no encadenar dos inferencias porcentuales independientes se deja la Base y el N en blanco (ver metodología en el brief)."
324,Adolescentes con experiencia directa en apuestas online,Socialización y exposición,Frecuencia de la práctica de apuesta online,Aposté o apuesto todos los días,Región,NEA,3,,,25,Tabla 6,Tabla,Única,No aplica,"Requiere la composición demográfica interna del subgrupo de exposición, que el informe no publica; para no encadenar dos inferencias porcentuales independientes se deja la Base y el N en blanco (ver metodología en el brief)."
325,Adolescentes con experiencia directa en apuestas online,Socialización y exposición,Frecuencia de la práctica de apuesta online,"Probé alguna vez, pero no lo hago habitualmente",Región,NOA,71,,,25,Tabla 6,Tabla,Única,No aplica,"Requiere la composición demográfica interna del subgrupo de exposición, que el informe no publica; para no encadenar dos inferencias porcentuales independientes se deja la Base y el N en blanco (ver metodología en el brief)."
326,Adolescentes con experiencia directa en apuestas online,Socialización y exposición,Frecuencia de la práctica de apuesta online,Aposté o apuesto una o dos veces al mes,Región,NOA,15,,,25,Tabla 6,Tabla,Única,No aplica,"Requiere la composición demográfica interna del subgrupo de exposición, que el informe no publica; para no encadenar dos inferencias porcentuales independientes se deja la Base y el N en blanco (ver metodología en el brief)."
327,Adolescentes con experiencia directa en apuestas online,Socialización y exposición,Frecuencia de la práctica de apuesta online,Aposté o apuesto entre 1 y 3 veces por semana,Región,NOA,10,,,25,Tabla 6,Tabla,Única,No aplica,"Requiere la composición demográfica interna del subgrupo de exposición, que el informe no publica; para no encadenar dos inferencias porcentuales independientes se deja la Base y el N en blanco (ver metodología en el brief)."
328,Adolescentes con experiencia directa en apuestas online,Socialización y exposición,Frecuencia de la práctica de apuesta online,Aposté o apuesto todos los días,Región,NOA,3,,,25,Tabla 6,Tabla,Única,No aplica,"Requiere la composición demográfica interna del subgrupo de exposición, que el informe no publica; para no encadenar dos inferencias porcentuales independientes se deja la Base y el N en blanco (ver metodología en el brief)."
329,Adolescentes con experiencia directa en apuestas online,Socialización y exposición,Frecuencia de la práctica de apuesta online,"Probé alguna vez, pero no lo hago habitualmente",Región,Patagonia,68,,,25,Tabla 6,Tabla,Única,No aplica,"Requiere la composición demográfica interna del subgrupo de exposición, que el informe no publica; para no encadenar dos inferencias porcentuales independientes se deja la Base y el N en blanco (ver metodología en el brief)."
330,Adolescentes con experiencia directa en apuestas online,Socialización y exposición,Frecuencia de la práctica de apuesta online,Aposté o apuesto una o dos veces al mes,Región,Patagonia,19,,,25,Tabla 6,Tabla,Única,No aplica,"Requiere la composición demográfica interna del subgrupo de exposición, que el informe no publica; para no encadenar dos inferencias porcentuales independientes se deja la Base y el N en blanco (ver metodología en el brief)."
331,Adolescentes con experiencia directa en apuestas online,Socialización y exposición,Frecuencia de la práctica de apuesta online,Aposté o apuesto entre 1 y 3 veces por semana,Región,Patagonia,12,,,25,Tabla 6,Tabla,Única,No aplica,"Requiere la composición demográfica interna del subgrupo de exposición, que el informe no publica; para no encadenar dos inferencias porcentuales independientes se deja la Base y el N en blanco (ver metodología en el brief)."
332,Adolescentes con experiencia directa en apuestas online,Socialización y exposición,Frecuencia de la práctica de apuesta online,Aposté o apuesto todos los días,Región,Patagonia,2,,,25,Tabla 6,Tabla,Única,No aplica,"Requiere la composición demográfica interna del subgrupo de exposición, que el informe no publica; para no encadenar dos inferencias porcentuales independientes se deja la Base y el N en blanco (ver metodología en el brief)."
333,Adolescentes con experiencia indirecta en apuestas online,,Percepciones de las motivaciones para participar en apuestas online,"Ganan plata fácil, rápido y sin esfuerzo",Total,,86,5139,4420,26,Gráfico 10,Gráfico,Múltiple,Inferida,
334,Adolescentes con experiencia indirecta en apuestas online,,Percepciones de las motivaciones para participar en apuestas online,Quieren para probar suerte,Total,,83,5139,4265,26,Gráfico 10,Gráfico,Múltiple,Inferida,
335,Adolescentes con experiencia indirecta en apuestas online,,Percepciones de las motivaciones para participar en apuestas online,Buscan divertirse,Total,,75,5139,3854,26,Gráfico 10,Gráfico,Múltiple,Inferida,
336,Adolescentes con experiencia indirecta en apuestas online,,Percepciones de las motivaciones para participar en apuestas online,Vieron publicidades de influencers o personas famosas que las recomiendan,Total,,70,5139,3597,26,Gráfico 10,Gráfico,Múltiple,Inferida,
337,Adolescentes con experiencia indirecta en apuestas online,,Percepciones de las motivaciones para participar en apuestas online,Se tentaron por las publicidades de las casas de apuestas,Total,,66,5139,3392,26,Gráfico 10,Gráfico,Múltiple,Inferida,
338,Adolescentes con experiencia indirecta en apuestas online,,Percepciones de las motivaciones para participar en apuestas online,Muchas personas cercanas lo hacen y no quieren quedarse afuera,Total,,65,5139,3340,26,Gráfico 10,Gráfico,Múltiple,Inferida,
339,Adolescentes con experiencia indirecta en apuestas online,,Percepciones de las motivaciones para participar en apuestas online,"Recibieron un bono gratis, descuento, promociones y/o créditos para empezar",Total,,51,5139,2621,26,Gráfico 10,Gráfico,Múltiple,Inferida,
340,Adolescentes con experiencia indirecta en apuestas online,,Percepciones de las motivaciones para participar en apuestas online,Tienen adultos/as cercano/as que lo hacen,Total,,50,5139,2570,26,Gráfico 10,Gráfico,Múltiple,Inferida,
341,Adolescentes con experiencia indirecta en apuestas online,,Percepciones de las motivaciones para participar en apuestas online,Se endeudaron y quieren recuperar lo perdido,Total,,48,5139,2467,26,Gráfico 10,Gráfico,Múltiple,Inferida,
342,Adolescentes con experiencia indirecta en apuestas online,,Percepciones de las motivaciones para participar en apuestas online,Buscan competir con otros/as amigos/as que también lo hacen,Total,,48,5139,2467,26,Gráfico 10,Gráfico,Múltiple,Inferida,
343,Adolescentes con experiencia indirecta en apuestas online,,Percepciones de las motivaciones para participar en apuestas online,Creen que les ayudará a alcanzar la vida y el éxito que desean,Total,,34,5139,1747,26,Gráfico 10,Gráfico,Múltiple,Inferida,
344,Adolescentes con experiencia indirecta en apuestas online,,Percepciones de las motivaciones para participar en apuestas online,Quieren colaborar en los gastos de su familia,Total,,29,5139,1490,26,Gráfico 10,Gráfico,Múltiple,Inferida,
345,Adolescentes con experiencia indirecta en apuestas online,,Percepciones de las motivaciones para participar en apuestas online,Quieren para probar suerte,Género,Mujeres,83,,,27,Tabla 7,Tabla,Múltiple,No aplica,"Requiere la composición demográfica interna del subgrupo de exposición, que el informe no publica; para no encadenar dos inferencias porcentuales independientes se deja la Base y el N en blanco (ver metodología en el brief)."
346,Adolescentes con experiencia indirecta en apuestas online,,Percepciones de las motivaciones para participar en apuestas online,Buscan divertirse,Género,Mujeres,77,,,27,Tabla 7,Tabla,Múltiple,No aplica,"Requiere la composición demográfica interna del subgrupo de exposición, que el informe no publica; para no encadenar dos inferencias porcentuales independientes se deja la Base y el N en blanco (ver metodología en el brief)."
347,Adolescentes con experiencia indirecta en apuestas online,,Percepciones de las motivaciones para participar en apuestas online,"Ganan plata fácil, rápido y sin esfuerzo",Género,Mujeres,91,,,27,Tabla 7,Tabla,Múltiple,No aplica,"Requiere la composición demográfica interna del subgrupo de exposición, que el informe no publica; para no encadenar dos inferencias porcentuales independientes se deja la Base y el N en blanco (ver metodología en el brief)."
348,Adolescentes con experiencia indirecta en apuestas online,,Percepciones de las motivaciones para participar en apuestas online,"Recibieron un bono gratis, descuento, promociones y/o créditos para empezar",Género,Mujeres,48,,,27,Tabla 7,Tabla,Múltiple,No aplica,"Requiere la composición demográfica interna del subgrupo de exposición, que el informe no publica; para no encadenar dos inferencias porcentuales independientes se deja la Base y el N en blanco (ver metodología en el brief)."
349,Adolescentes con experiencia indirecta en apuestas online,,Percepciones de las motivaciones para participar en apuestas online,Se tentaron por las publicidades de las casas de apuestas,Género,Mujeres,71,,,27,Tabla 7,Tabla,Múltiple,No aplica,"Requiere la composición demográfica interna del subgrupo de exposición, que el informe no publica; para no encadenar dos inferencias porcentuales independientes se deja la Base y el N en blanco (ver metodología en el brief)."
350,Adolescentes con experiencia indirecta en apuestas online,,Percepciones de las motivaciones para participar en apuestas online,Vieron publicidades de influencers o personas famosas que las recomiendan,Género,Mujeres,70,,,27,Tabla 7,Tabla,Múltiple,No aplica,"Requiere la composición demográfica interna del subgrupo de exposición, que el informe no publica; para no encadenar dos inferencias porcentuales independientes se deja la Base y el N en blanco (ver metodología en el brief)."
351,Adolescentes con experiencia indirecta en apuestas online,,Percepciones de las motivaciones para participar en apuestas online,Muchas personas cercanas lo hacen y no quieren quedarme afuera,Género,Mujeres,69,,,27,Tabla 7,Tabla,Múltiple,No aplica,"Requiere la composición demográfica interna del subgrupo de exposición, que el informe no publica; para no encadenar dos inferencias porcentuales independientes se deja la Base y el N en blanco (ver metodología en el brief)."
352,Adolescentes con experiencia indirecta en apuestas online,,Percepciones de las motivaciones para participar en apuestas online,Tienen adultos/as cercano/as que lo hacen,Género,Mujeres,54,,,27,Tabla 7,Tabla,Múltiple,No aplica,"Requiere la composición demográfica interna del subgrupo de exposición, que el informe no publica; para no encadenar dos inferencias porcentuales independientes se deja la Base y el N en blanco (ver metodología en el brief)."
353,Adolescentes con experiencia indirecta en apuestas online,,Percepciones de las motivaciones para participar en apuestas online,Buscan competir con otros/as amigos/as que también lo hacen,Género,Mujeres,52,,,27,Tabla 7,Tabla,Múltiple,No aplica,"Requiere la composición demográfica interna del subgrupo de exposición, que el informe no publica; para no encadenar dos inferencias porcentuales independientes se deja la Base y el N en blanco (ver metodología en el brief)."
354,Adolescentes con experiencia indirecta en apuestas online,,Percepciones de las motivaciones para participar en apuestas online,Quieren para probar suerte,Género,Varones,84,,,27,Tabla 7,Tabla,Múltiple,No aplica,"Requiere la composición demográfica interna del subgrupo de exposición, que el informe no publica; para no encadenar dos inferencias porcentuales independientes se deja la Base y el N en blanco (ver metodología en el brief)."
355,Adolescentes con experiencia indirecta en apuestas online,,Percepciones de las motivaciones para participar en apuestas online,Buscan divertirse,Género,Varones,74,,,27,Tabla 7,Tabla,Múltiple,No aplica,"Requiere la composición demográfica interna del subgrupo de exposición, que el informe no publica; para no encadenar dos inferencias porcentuales independientes se deja la Base y el N en blanco (ver metodología en el brief)."
356,Adolescentes con experiencia indirecta en apuestas online,,Percepciones de las motivaciones para participar en apuestas online,"Ganan plata fácil, rápido y sin esfuerzo",Género,Varones,81,,,27,Tabla 7,Tabla,Múltiple,No aplica,"Requiere la composición demográfica interna del subgrupo de exposición, que el informe no publica; para no encadenar dos inferencias porcentuales independientes se deja la Base y el N en blanco (ver metodología en el brief)."
357,Adolescentes con experiencia indirecta en apuestas online,,Percepciones de las motivaciones para participar en apuestas online,"Recibieron un bono gratis, descuento, promociones y/o créditos para empezar",Género,Varones,54,,,27,Tabla 7,Tabla,Múltiple,No aplica,"Requiere la composición demográfica interna del subgrupo de exposición, que el informe no publica; para no encadenar dos inferencias porcentuales independientes se deja la Base y el N en blanco (ver metodología en el brief)."
358,Adolescentes con experiencia indirecta en apuestas online,,Percepciones de las motivaciones para participar en apuestas online,Se tentaron por las publicidades de las casas de apuestas,Género,Varones,61,,,27,Tabla 7,Tabla,Múltiple,No aplica,"Requiere la composición demográfica interna del subgrupo de exposición, que el informe no publica; para no encadenar dos inferencias porcentuales independientes se deja la Base y el N en blanco (ver metodología en el brief)."
359,Adolescentes con experiencia indirecta en apuestas online,,Percepciones de las motivaciones para participar en apuestas online,Vieron publicidades de influencers o personas famosas que las recomiendan,Género,Varones,69,,,27,Tabla 7,Tabla,Múltiple,No aplica,"Requiere la composición demográfica interna del subgrupo de exposición, que el informe no publica; para no encadenar dos inferencias porcentuales independientes se deja la Base y el N en blanco (ver metodología en el brief)."
360,Adolescentes con experiencia indirecta en apuestas online,,Percepciones de las motivaciones para participar en apuestas online,Muchas personas cercanas lo hacen y no quieren quedarme afuera,Género,Varones,61,,,27,Tabla 7,Tabla,Múltiple,No aplica,"Requiere la composición demográfica interna del subgrupo de exposición, que el informe no publica; para no encadenar dos inferencias porcentuales independientes se deja la Base y el N en blanco (ver metodología en el brief)."
361,Adolescentes con experiencia indirecta en apuestas online,,Percepciones de las motivaciones para participar en apuestas online,Tienen adultos/as cercano/as que lo hacen,Género,Varones,47,,,27,Tabla 7,Tabla,Múltiple,No aplica,"Requiere la composición demográfica interna del subgrupo de exposición, que el informe no publica; para no encadenar dos inferencias porcentuales independientes se deja la Base y el N en blanco (ver metodología en el brief)."
362,Adolescentes con experiencia indirecta en apuestas online,,Percepciones de las motivaciones para participar en apuestas online,Buscan competir con otros/as amigos/as que también lo hacen,Género,Varones,44,,,27,Tabla 7,Tabla,Múltiple,No aplica,"Requiere la composición demográfica interna del subgrupo de exposición, que el informe no publica; para no encadenar dos inferencias porcentuales independientes se deja la Base y el N en blanco (ver metodología en el brief)."
363,Adolescentes con experiencia indirecta en apuestas online,,Percepciones de las motivaciones para participar en apuestas online,Quieren para probar suerte,Edad,13 años,80,,,27,Tabla 7,Tabla,Múltiple,No aplica,"Requiere la composición demográfica interna del subgrupo de exposición, que el informe no publica; para no encadenar dos inferencias porcentuales independientes se deja la Base y el N en blanco (ver metodología en el brief)."
364,Adolescentes con experiencia indirecta en apuestas online,,Percepciones de las motivaciones para participar en apuestas online,Buscan divertirse,Edad,13 años,74,,,27,Tabla 7,Tabla,Múltiple,No aplica,"Requiere la composición demográfica interna del subgrupo de exposición, que el informe no publica; para no encadenar dos inferencias porcentuales independientes se deja la Base y el N en blanco (ver metodología en el brief)."
365,Adolescentes con experiencia indirecta en apuestas online,,Percepciones de las motivaciones para participar en apuestas online,"Ganan plata fácil, rápido y sin esfuerzo",Edad,13 años,78,,,27,Tabla 7,Tabla,Múltiple,No aplica,"Requiere la composición demográfica interna del subgrupo de exposición, que el informe no publica; para no encadenar dos inferencias porcentuales independientes se deja la Base y el N en blanco (ver metodología en el brief)."
366,Adolescentes con experiencia indirecta en apuestas online,,Percepciones de las motivaciones para participar en apuestas online,"Recibieron un bono gratis, descuento, promociones y/o créditos para empezar",Edad,13 años,53,,,27,Tabla 7,Tabla,Múltiple,No aplica,"Requiere la composición demográfica interna del subgrupo de exposición, que el informe no publica; para no encadenar dos inferencias porcentuales independientes se deja la Base y el N en blanco (ver metodología en el brief)."
367,Adolescentes con experiencia indirecta en apuestas online,,Percepciones de las motivaciones para participar en apuestas online,Se tentaron por las publicidades de las casas de apuestas,Edad,13 años,66,,,27,Tabla 7,Tabla,Múltiple,No aplica,"Requiere la composición demográfica interna del subgrupo de exposición, que el informe no publica; para no encadenar dos inferencias porcentuales independientes se deja la Base y el N en blanco (ver metodología en el brief)."
368,Adolescentes con experiencia indirecta en apuestas online,,Percepciones de las motivaciones para participar en apuestas online,Vieron publicidades de influencers o personas famosas que las recomiendan,Edad,13 años,66,,,27,Tabla 7,Tabla,Múltiple,No aplica,"Requiere la composición demográfica interna del subgrupo de exposición, que el informe no publica; para no encadenar dos inferencias porcentuales independientes se deja la Base y el N en blanco (ver metodología en el brief)."
369,Adolescentes con experiencia indirecta en apuestas online,,Percepciones de las motivaciones para participar en apuestas online,Muchas personas cercanas lo hacen y no quieren quedarme afuera,Edad,13 años,64,,,27,Tabla 7,Tabla,Múltiple,No aplica,"Requiere la composición demográfica interna del subgrupo de exposición, que el informe no publica; para no encadenar dos inferencias porcentuales independientes se deja la Base y el N en blanco (ver metodología en el brief)."
370,Adolescentes con experiencia indirecta en apuestas online,,Percepciones de las motivaciones para participar en apuestas online,Tienen adultos/as cercano/as que lo hacen,Edad,13 años,56,,,27,Tabla 7,Tabla,Múltiple,No aplica,"Requiere la composición demográfica interna del subgrupo de exposición, que el informe no publica; para no encadenar dos inferencias porcentuales independientes se deja la Base y el N en blanco (ver metodología en el brief)."
371,Adolescentes con experiencia indirecta en apuestas online,,Percepciones de las motivaciones para participar en apuestas online,Buscan competir con otros/as amigos/as que también lo hacen,Edad,13 años,48,,,27,Tabla 7,Tabla,Múltiple,No aplica,"Requiere la composición demográfica interna del subgrupo de exposición, que el informe no publica; para no encadenar dos inferencias porcentuales independientes se deja la Base y el N en blanco (ver metodología en el brief)."
372,Adolescentes con experiencia indirecta en apuestas online,,Percepciones de las motivaciones para participar en apuestas online,Quieren para probar suerte,Edad,14 años,83,,,27,Tabla 7,Tabla,Múltiple,No aplica,"Requiere la composición demográfica interna del subgrupo de exposición, que el informe no publica; para no encadenar dos inferencias porcentuales independientes se deja la Base y el N en blanco (ver metodología en el brief)."
373,Adolescentes con experiencia indirecta en apuestas online,,Percepciones de las motivaciones para participar en apuestas online,Buscan divertirse,Edad,14 años,68,,,27,Tabla 7,Tabla,Múltiple,No aplica,"Requiere la composición demográfica interna del subgrupo de exposición, que el informe no publica; para no encadenar dos inferencias porcentuales independientes se deja la Base y el N en blanco (ver metodología en el brief)."
374,Adolescentes con experiencia indirecta en apuestas online,,Percepciones de las motivaciones para participar en apuestas online,"Ganan plata fácil, rápido y sin esfuerzo",Edad,14 años,90,,,27,Tabla 7,Tabla,Múltiple,No aplica,"Requiere la composición demográfica interna del subgrupo de exposición, que el informe no publica; para no encadenar dos inferencias porcentuales independientes se deja la Base y el N en blanco (ver metodología en el brief)."
375,Adolescentes con experiencia indirecta en apuestas online,,Percepciones de las motivaciones para participar en apuestas online,"Recibieron un bono gratis, descuento, promociones y/o créditos para empezar",Edad,14 años,55,,,27,Tabla 7,Tabla,Múltiple,No aplica,"Requiere la composición demográfica interna del subgrupo de exposición, que el informe no publica; para no encadenar dos inferencias porcentuales independientes se deja la Base y el N en blanco (ver metodología en el brief)."
376,Adolescentes con experiencia indirecta en apuestas online,,Percepciones de las motivaciones para participar en apuestas online,Se tentaron por las publicidades de las casas de apuestas,Edad,14 años,66,,,27,Tabla 7,Tabla,Múltiple,No aplica,"Requiere la composición demográfica interna del subgrupo de exposición, que el informe no publica; para no encadenar dos inferencias porcentuales independientes se deja la Base y el N en blanco (ver metodología en el brief)."
377,Adolescentes con experiencia indirecta en apuestas online,,Percepciones de las motivaciones para participar en apuestas online,Vieron publicidades de influencers o personas famosas que las recomiendan,Edad,14 años,72,,,27,Tabla 7,Tabla,Múltiple,No aplica,"Requiere la composición demográfica interna del subgrupo de exposición, que el informe no publica; para no encadenar dos inferencias porcentuales independientes se deja la Base y el N en blanco (ver metodología en el brief)."
378,Adolescentes con experiencia indirecta en apuestas online,,Percepciones de las motivaciones para participar en apuestas online,Muchas personas cercanas lo hacen y no quieren quedarme afuera,Edad,14 años,68,,,27,Tabla 7,Tabla,Múltiple,No aplica,"Requiere la composición demográfica interna del subgrupo de exposición, que el informe no publica; para no encadenar dos inferencias porcentuales independientes se deja la Base y el N en blanco (ver metodología en el brief)."
379,Adolescentes con experiencia indirecta en apuestas online,,Percepciones de las motivaciones para participar en apuestas online,Tienen adultos/as cercano/as que lo hacen,Edad,14 años,62,,,27,Tabla 7,Tabla,Múltiple,No aplica,"Requiere la composición demográfica interna del subgrupo de exposición, que el informe no publica; para no encadenar dos inferencias porcentuales independientes se deja la Base y el N en blanco (ver metodología en el brief)."
380,Adolescentes con experiencia indirecta en apuestas online,,Percepciones de las motivaciones para participar en apuestas online,Buscan competir con otros/as amigos/as que también lo hacen,Edad,14 años,45,,,27,Tabla 7,Tabla,Múltiple,No aplica,"Requiere la composición demográfica interna del subgrupo de exposición, que el informe no publica; para no encadenar dos inferencias porcentuales independientes se deja la Base y el N en blanco (ver metodología en el brief)."
381,Adolescentes con experiencia indirecta en apuestas online,,Percepciones de las motivaciones para participar en apuestas online,Quieren para probar suerte,Edad,15 años,81,,,27,Tabla 7,Tabla,Múltiple,No aplica,"Requiere la composición demográfica interna del subgrupo de exposición, que el informe no publica; para no encadenar dos inferencias porcentuales independientes se deja la Base y el N en blanco (ver metodología en el brief)."
382,Adolescentes con experiencia indirecta en apuestas online,,Percepciones de las motivaciones para participar en apuestas online,Buscan divertirse,Edad,15 años,78,,,27,Tabla 7,Tabla,Múltiple,No aplica,"Requiere la composición demográfica interna del subgrupo de exposición, que el informe no publica; para no encadenar dos inferencias porcentuales independientes se deja la Base y el N en blanco (ver metodología en el brief)."
383,Adolescentes con experiencia indirecta en apuestas online,,Percepciones de las motivaciones para participar en apuestas online,"Ganan plata fácil, rápido y sin esfuerzo",Edad,15 años,86,,,27,Tabla 7,Tabla,Múltiple,No aplica,"Requiere la composición demográfica interna del subgrupo de exposición, que el informe no publica; para no encadenar dos inferencias porcentuales independientes se deja la Base y el N en blanco (ver metodología en el brief)."
384,Adolescentes con experiencia indirecta en apuestas online,,Percepciones de las motivaciones para participar en apuestas online,"Recibieron un bono gratis, descuento, promociones y/o créditos para empezar",Edad,15 años,46,,,27,Tabla 7,Tabla,Múltiple,No aplica,"Requiere la composición demográfica interna del subgrupo de exposición, que el informe no publica; para no encadenar dos inferencias porcentuales independientes se deja la Base y el N en blanco (ver metodología en el brief)."
385,Adolescentes con experiencia indirecta en apuestas online,,Percepciones de las motivaciones para participar en apuestas online,Se tentaron por las publicidades de las casas de apuestas,Edad,15 años,65,,,27,Tabla 7,Tabla,Múltiple,No aplica,"Requiere la composición demográfica interna del subgrupo de exposición, que el informe no publica; para no encadenar dos inferencias porcentuales independientes se deja la Base y el N en blanco (ver metodología en el brief)."
386,Adolescentes con experiencia indirecta en apuestas online,,Percepciones de las motivaciones para participar en apuestas online,Vieron publicidades de influencers o personas famosas que las recomiendan,Edad,15 años,64,,,27,Tabla 7,Tabla,Múltiple,No aplica,"Requiere la composición demográfica interna del subgrupo de exposición, que el informe no publica; para no encadenar dos inferencias porcentuales independientes se deja la Base y el N en blanco (ver metodología en el brief)."
387,Adolescentes con experiencia indirecta en apuestas online,,Percepciones de las motivaciones para participar en apuestas online,Muchas personas cercanas lo hacen y no quieren quedarme afuera,Edad,15 años,68,,,27,Tabla 7,Tabla,Múltiple,No aplica,"Requiere la composición demográfica interna del subgrupo de exposición, que el informe no publica; para no encadenar dos inferencias porcentuales independientes se deja la Base y el N en blanco (ver metodología en el brief)."
388,Adolescentes con experiencia indirecta en apuestas online,,Percepciones de las motivaciones para participar en apuestas online,Tienen adultos/as cercano/as que lo hacen,Edad,15 años,45,,,27,Tabla 7,Tabla,Múltiple,No aplica,"Requiere la composición demográfica interna del subgrupo de exposición, que el informe no publica; para no encadenar dos inferencias porcentuales independientes se deja la Base y el N en blanco (ver metodología en el brief)."
389,Adolescentes con experiencia indirecta en apuestas online,,Percepciones de las motivaciones para participar en apuestas online,Buscan competir con otros/as amigos/as que también lo hacen,Edad,15 años,47,,,27,Tabla 7,Tabla,Múltiple,No aplica,"Requiere la composición demográfica interna del subgrupo de exposición, que el informe no publica; para no encadenar dos inferencias porcentuales independientes se deja la Base y el N en blanco (ver metodología en el brief)."
390,Adolescentes con experiencia indirecta en apuestas online,,Percepciones de las motivaciones para participar en apuestas online,Quieren para probar suerte,Edad,16 años,83,,,27,Tabla 7,Tabla,Múltiple,No aplica,"Requiere la composición demográfica interna del subgrupo de exposición, que el informe no publica; para no encadenar dos inferencias porcentuales independientes se deja la Base y el N en blanco (ver metodología en el brief)."
391,Adolescentes con experiencia indirecta en apuestas online,,Percepciones de las motivaciones para participar en apuestas online,Buscan divertirse,Edad,16 años,80,,,27,Tabla 7,Tabla,Múltiple,No aplica,"Requiere la composición demográfica interna del subgrupo de exposición, que el informe no publica; para no encadenar dos inferencias porcentuales independientes se deja la Base y el N en blanco (ver metodología en el brief)."
392,Adolescentes con experiencia indirecta en apuestas online,,Percepciones de las motivaciones para participar en apuestas online,"Ganan plata fácil, rápido y sin esfuerzo",Edad,16 años,85,,,27,Tabla 7,Tabla,Múltiple,No aplica,"Requiere la composición demográfica interna del subgrupo de exposición, que el informe no publica; para no encadenar dos inferencias porcentuales independientes se deja la Base y el N en blanco (ver metodología en el brief)."
393,Adolescentes con experiencia indirecta en apuestas online,,Percepciones de las motivaciones para participar en apuestas online,"Recibieron un bono gratis, descuento, promociones y/o créditos para empezar",Edad,16 años,54,,,27,Tabla 7,Tabla,Múltiple,No aplica,"Requiere la composición demográfica interna del subgrupo de exposición, que el informe no publica; para no encadenar dos inferencias porcentuales independientes se deja la Base y el N en blanco (ver metodología en el brief)."
394,Adolescentes con experiencia indirecta en apuestas online,,Percepciones de las motivaciones para participar en apuestas online,Se tentaron por las publicidades de las casas de apuestas,Edad,16 años,64,,,27,Tabla 7,Tabla,Múltiple,No aplica,"Requiere la composición demográfica interna del subgrupo de exposición, que el informe no publica; para no encadenar dos inferencias porcentuales independientes se deja la Base y el N en blanco (ver metodología en el brief)."
395,Adolescentes con experiencia indirecta en apuestas online,,Percepciones de las motivaciones para participar en apuestas online,Vieron publicidades de influencers o personas famosas que las recomiendan,Edad,16 años,70,,,27,Tabla 7,Tabla,Múltiple,No aplica,"Requiere la composición demográfica interna del subgrupo de exposición, que el informe no publica; para no encadenar dos inferencias porcentuales independientes se deja la Base y el N en blanco (ver metodología en el brief)."
396,Adolescentes con experiencia indirecta en apuestas online,,Percepciones de las motivaciones para participar en apuestas online,Muchas personas cercanas lo hacen y no quieren quedarme afuera,Edad,16 años,68,,,27,Tabla 7,Tabla,Múltiple,No aplica,"Requiere la composición demográfica interna del subgrupo de exposición, que el informe no publica; para no encadenar dos inferencias porcentuales independientes se deja la Base y el N en blanco (ver metodología en el brief)."
397,Adolescentes con experiencia indirecta en apuestas online,,Percepciones de las motivaciones para participar en apuestas online,Tienen adultos/as cercano/as que lo hacen,Edad,16 años,48,,,27,Tabla 7,Tabla,Múltiple,No aplica,"Requiere la composición demográfica interna del subgrupo de exposición, que el informe no publica; para no encadenar dos inferencias porcentuales independientes se deja la Base y el N en blanco (ver metodología en el brief)."
398,Adolescentes con experiencia indirecta en apuestas online,,Percepciones de las motivaciones para participar en apuestas online,Buscan competir con otros/as amigos/as que también lo hacen,Edad,16 años,51,,,27,Tabla 7,Tabla,Múltiple,No aplica,"Requiere la composición demográfica interna del subgrupo de exposición, que el informe no publica; para no encadenar dos inferencias porcentuales independientes se deja la Base y el N en blanco (ver metodología en el brief)."
399,Adolescentes con experiencia indirecta en apuestas online,,Percepciones de las motivaciones para participar en apuestas online,Quieren para probar suerte,Edad,17 años,87,,,27,Tabla 7,Tabla,Múltiple,No aplica,"Requiere la composición demográfica interna del subgrupo de exposición, que el informe no publica; para no encadenar dos inferencias porcentuales independientes se deja la Base y el N en blanco (ver metodología en el brief)."
400,Adolescentes con experiencia indirecta en apuestas online,,Percepciones de las motivaciones para participar en apuestas online,Buscan divertirse,Edad,17 años,72,,,27,Tabla 7,Tabla,Múltiple,No aplica,"Requiere la composición demográfica interna del subgrupo de exposición, que el informe no publica; para no encadenar dos inferencias porcentuales independientes se deja la Base y el N en blanco (ver metodología en el brief)."
401,Adolescentes con experiencia indirecta en apuestas online,,Percepciones de las motivaciones para participar en apuestas online,"Ganan plata fácil, rápido y sin esfuerzo",Edad,17 años,88,,,27,Tabla 7,Tabla,Múltiple,No aplica,"Requiere la composición demográfica interna del subgrupo de exposición, que el informe no publica; para no encadenar dos inferencias porcentuales independientes se deja la Base y el N en blanco (ver metodología en el brief)."
402,Adolescentes con experiencia indirecta en apuestas online,,Percepciones de las motivaciones para participar en apuestas online,"Recibieron un bono gratis, descuento, promociones y/o créditos para empezar",Edad,17 años,48,,,27,Tabla 7,Tabla,Múltiple,No aplica,"Requiere la composición demográfica interna del subgrupo de exposición, que el informe no publica; para no encadenar dos inferencias porcentuales independientes se deja la Base y el N en blanco (ver metodología en el brief)."
403,Adolescentes con experiencia indirecta en apuestas online,,Percepciones de las motivaciones para participar en apuestas online,Se tentaron por las publicidades de las casas de apuestas,Edad,17 años,67,,,27,Tabla 7,Tabla,Múltiple,No aplica,"Requiere la composición demográfica interna del subgrupo de exposición, que el informe no publica; para no encadenar dos inferencias porcentuales independientes se deja la Base y el N en blanco (ver metodología en el brief)."
404,Adolescentes con experiencia indirecta en apuestas online,,Percepciones de las motivaciones para participar en apuestas online,Vieron publicidades de influencers o personas famosas que las recomiendan,Edad,17 años,72,,,27,Tabla 7,Tabla,Múltiple,No aplica,"Requiere la composición demográfica interna del subgrupo de exposición, que el informe no publica; para no encadenar dos inferencias porcentuales independientes se deja la Base y el N en blanco (ver metodología en el brief)."
405,Adolescentes con experiencia indirecta en apuestas online,,Percepciones de las motivaciones para participar en apuestas online,Muchas personas cercanas lo hacen y no quieren quedarme afuera,Edad,17 años,63,,,27,Tabla 7,Tabla,Múltiple,No aplica,"Requiere la composición demográfica interna del subgrupo de exposición, que el informe no publica; para no encadenar dos inferencias porcentuales independientes se deja la Base y el N en blanco (ver metodología en el brief)."
406,Adolescentes con experiencia indirecta en apuestas online,,Percepciones de las motivaciones para participar en apuestas online,Tienen adultos/as cercano/as que lo hacen,Edad,17 años,52,,,27,Tabla 7,Tabla,Múltiple,No aplica,"Requiere la composición demográfica interna del subgrupo de exposición, que el informe no publica; para no encadenar dos inferencias porcentuales independientes se deja la Base y el N en blanco (ver metodología en el brief)."
407,Adolescentes con experiencia indirecta en apuestas online,,Percepciones de las motivaciones para participar en apuestas online,Buscan competir con otros/as amigos/as que también lo hacen,Edad,17 años,49,,,27,Tabla 7,Tabla,Múltiple,No aplica,"Requiere la composición demográfica interna del subgrupo de exposición, que el informe no publica; para no encadenar dos inferencias porcentuales independientes se deja la Base y el N en blanco (ver metodología en el brief)."
408,Adolescentes con experiencia indirecta en apuestas online,,Percepciones de las motivaciones para participar en apuestas online,Quieren para probar suerte,Edad,18 años,88,,,27,Tabla 7,Tabla,Múltiple,No aplica,"Requiere la composición demográfica interna del subgrupo de exposición, que el informe no publica; para no encadenar dos inferencias porcentuales independientes se deja la Base y el N en blanco (ver metodología en el brief)."
409,Adolescentes con experiencia indirecta en apuestas online,,Percepciones de las motivaciones para participar en apuestas online,Buscan divertirse,Edad,18 años,78,,,27,Tabla 7,Tabla,Múltiple,No aplica,"Requiere la composición demográfica interna del subgrupo de exposición, que el informe no publica; para no encadenar dos inferencias porcentuales independientes se deja la Base y el N en blanco (ver metodología en el brief)."
410,Adolescentes con experiencia indirecta en apuestas online,,Percepciones de las motivaciones para participar en apuestas online,"Ganan plata fácil, rápido y sin esfuerzo",Edad,18 años,86,,,27,Tabla 7,Tabla,Múltiple,No aplica,"Requiere la composición demográfica interna del subgrupo de exposición, que el informe no publica; para no encadenar dos inferencias porcentuales independientes se deja la Base y el N en blanco (ver metodología en el brief)."
411,Adolescentes con experiencia indirecta en apuestas online,,Percepciones de las motivaciones para participar en apuestas online,"Recibieron un bono gratis, descuento, promociones y/o créditos para empezar",Edad,18 años,58,,,27,Tabla 7,Tabla,Múltiple,No aplica,"Requiere la composición demográfica interna del subgrupo de exposición, que el informe no publica; para no encadenar dos inferencias porcentuales independientes se deja la Base y el N en blanco (ver metodología en el brief)."
412,Adolescentes con experiencia indirecta en apuestas online,,Percepciones de las motivaciones para participar en apuestas online,Se tentaron por las publicidades de las casas de apuestas,Edad,18 años,71,,,27,Tabla 7,Tabla,Múltiple,No aplica,"Requiere la composición demográfica interna del subgrupo de exposición, que el informe no publica; para no encadenar dos inferencias porcentuales independientes se deja la Base y el N en blanco (ver metodología en el brief)."
413,Adolescentes con experiencia indirecta en apuestas online,,Percepciones de las motivaciones para participar en apuestas online,Vieron publicidades de influencers o personas famosas que las recomiendan,Edad,18 años,75,,,27,Tabla 7,Tabla,Múltiple,No aplica,"Requiere la composición demográfica interna del subgrupo de exposición, que el informe no publica; para no encadenar dos inferencias porcentuales independientes se deja la Base y el N en blanco (ver metodología en el brief)."
414,Adolescentes con experiencia indirecta en apuestas online,,Percepciones de las motivaciones para participar en apuestas online,Muchas personas cercanas lo hacen y no quieren quedarme afuera,Edad,18 años,51,,,27,Tabla 7,Tabla,Múltiple,No aplica,"Requiere la composición demográfica interna del subgrupo de exposición, que el informe no publica; para no encadenar dos inferencias porcentuales independientes se deja la Base y el N en blanco (ver metodología en el brief)."
415,Adolescentes con experiencia indirecta en apuestas online,,Percepciones de las motivaciones para participar en apuestas online,Tienen adultos/as cercano/as que lo hacen,Edad,18 años,38,,,27,Tabla 7,Tabla,Múltiple,No aplica,"Requiere la composición demográfica interna del subgrupo de exposición, que el informe no publica; para no encadenar dos inferencias porcentuales independientes se deja la Base y el N en blanco (ver metodología en el brief)."
416,Adolescentes con experiencia indirecta en apuestas online,,Percepciones de las motivaciones para participar en apuestas online,Buscan competir con otros/as amigos/as que también lo hacen,Edad,18 años,50,,,27,Tabla 7,Tabla,Múltiple,No aplica,"Requiere la composición demográfica interna del subgrupo de exposición, que el informe no publica; para no encadenar dos inferencias porcentuales independientes se deja la Base y el N en blanco (ver metodología en el brief)."
417,Adolescentes con experiencia indirecta en apuestas online,,Percepciones de las motivaciones para participar en apuestas online,Quieren para probar suerte,Región,AMBA,86,,,28,Tabla 8,Tabla,Múltiple,No aplica,"Requiere la composición demográfica interna del subgrupo de exposición, que el informe no publica; para no encadenar dos inferencias porcentuales independientes se deja la Base y el N en blanco (ver metodología en el brief)."
418,Adolescentes con experiencia indirecta en apuestas online,,Percepciones de las motivaciones para participar en apuestas online,Buscan divertirse,Región,AMBA,79,,,28,Tabla 8,Tabla,Múltiple,No aplica,"Requiere la composición demográfica interna del subgrupo de exposición, que el informe no publica; para no encadenar dos inferencias porcentuales independientes se deja la Base y el N en blanco (ver metodología en el brief)."
419,Adolescentes con experiencia indirecta en apuestas online,,Percepciones de las motivaciones para participar en apuestas online,"Ganan plata fácil, rápido y sin esfuerzo",Región,AMBA,85,,,28,Tabla 8,Tabla,Múltiple,No aplica,"Requiere la composición demográfica interna del subgrupo de exposición, que el informe no publica; para no encadenar dos inferencias porcentuales independientes se deja la Base y el N en blanco (ver metodología en el brief)."
420,Adolescentes con experiencia indirecta en apuestas online,,Percepciones de las motivaciones para participar en apuestas online,"Recibieron un bono gratis, descuento, promociones y/o créditos para empezar",Región,AMBA,50,,,28,Tabla 8,Tabla,Múltiple,No aplica,"Requiere la composición demográfica interna del subgrupo de exposición, que el informe no publica; para no encadenar dos inferencias porcentuales independientes se deja la Base y el N en blanco (ver metodología en el brief)."
421,Adolescentes con experiencia indirecta en apuestas online,,Percepciones de las motivaciones para participar en apuestas online,Se tentaron por las publicidades de las casas de apuestas,Región,AMBA,60,,,28,Tabla 8,Tabla,Múltiple,No aplica,"Requiere la composición demográfica interna del subgrupo de exposición, que el informe no publica; para no encadenar dos inferencias porcentuales independientes se deja la Base y el N en blanco (ver metodología en el brief)."
422,Adolescentes con experiencia indirecta en apuestas online,,Percepciones de las motivaciones para participar en apuestas online,Vieron publicidades de influencers o personas famosas que las recomiendan,Región,AMBA,67,,,28,Tabla 8,Tabla,Múltiple,No aplica,"Requiere la composición demográfica interna del subgrupo de exposición, que el informe no publica; para no encadenar dos inferencias porcentuales independientes se deja la Base y el N en blanco (ver metodología en el brief)."
423,Adolescentes con experiencia indirecta en apuestas online,,Percepciones de las motivaciones para participar en apuestas online,Muchas personas cercanas lo hacen y no quieren quedarme afuera,Región,AMBA,67,,,28,Tabla 8,Tabla,Múltiple,No aplica,"Requiere la composición demográfica interna del subgrupo de exposición, que el informe no publica; para no encadenar dos inferencias porcentuales independientes se deja la Base y el N en blanco (ver metodología en el brief)."
424,Adolescentes con experiencia indirecta en apuestas online,,Percepciones de las motivaciones para participar en apuestas online,Tienen adultos/as cercano/as que lo hacen,Región,AMBA,39,,,28,Tabla 8,Tabla,Múltiple,No aplica,"Requiere la composición demográfica interna del subgrupo de exposición, que el informe no publica; para no encadenar dos inferencias porcentuales independientes se deja la Base y el N en blanco (ver metodología en el brief)."
425,Adolescentes con experiencia indirecta en apuestas online,,Percepciones de las motivaciones para participar en apuestas online,Buscan competir con otros/as amigos/as que también lo hacen,Región,AMBA,45,,,28,Tabla 8,Tabla,Múltiple,No aplica,"Requiere la composición demográfica interna del subgrupo de exposición, que el informe no publica; para no encadenar dos inferencias porcentuales independientes se deja la Base y el N en blanco (ver metodología en el brief)."
426,Adolescentes con experiencia indirecta en apuestas online,,Percepciones de las motivaciones para participar en apuestas online,Quieren para probar suerte,Región,Centro,79,,,28,Tabla 8,Tabla,Múltiple,No aplica,"Requiere la composición demográfica interna del subgrupo de exposición, que el informe no publica; para no encadenar dos inferencias porcentuales independientes se deja la Base y el N en blanco (ver metodología en el brief)."
427,Adolescentes con experiencia indirecta en apuestas online,,Percepciones de las motivaciones para participar en apuestas online,Buscan divertirse,Región,Centro,75,,,28,Tabla 8,Tabla,Múltiple,No aplica,"Requiere la composición demográfica interna del subgrupo de exposición, que el informe no publica; para no encadenar dos inferencias porcentuales independientes se deja la Base y el N en blanco (ver metodología en el brief)."
428,Adolescentes con experiencia indirecta en apuestas online,,Percepciones de las motivaciones para participar en apuestas online,"Ganan plata fácil, rápido y sin esfuerzo",Región,Centro,84,,,28,Tabla 8,Tabla,Múltiple,No aplica,"Requiere la composición demográfica interna del subgrupo de exposición, que el informe no publica; para no encadenar dos inferencias porcentuales independientes se deja la Base y el N en blanco (ver metodología en el brief)."
429,Adolescentes con experiencia indirecta en apuestas online,,Percepciones de las motivaciones para participar en apuestas online,"Recibieron un bono gratis, descuento, promociones y/o créditos para empezar",Región,Centro,50,,,28,Tabla 8,Tabla,Múltiple,No aplica,"Requiere la composición demográfica interna del subgrupo de exposición, que el informe no publica; para no encadenar dos inferencias porcentuales independientes se deja la Base y el N en blanco (ver metodología en el brief)."
430,Adolescentes con experiencia indirecta en apuestas online,,Percepciones de las motivaciones para participar en apuestas online,Se tentaron por las publicidades de las casas de apuestas,Región,Centro,66,,,28,Tabla 8,Tabla,Múltiple,No aplica,"Requiere la composición demográfica interna del subgrupo de exposición, que el informe no publica; para no encadenar dos inferencias porcentuales independientes se deja la Base y el N en blanco (ver metodología en el brief)."
431,Adolescentes con experiencia indirecta en apuestas online,,Percepciones de las motivaciones para participar en apuestas online,Vieron publicidades de influencers o personas famosas que las recomiendan,Región,Centro,69,,,28,Tabla 8,Tabla,Múltiple,No aplica,"Requiere la composición demográfica interna del subgrupo de exposición, que el informe no publica; para no encadenar dos inferencias porcentuales independientes se deja la Base y el N en blanco (ver metodología en el brief)."
432,Adolescentes con experiencia indirecta en apuestas online,,Percepciones de las motivaciones para participar en apuestas online,Muchas personas cercanas lo hacen y no quieren quedarme afuera,Región,Centro,62,,,28,Tabla 8,Tabla,Múltiple,No aplica,"Requiere la composición demográfica interna del subgrupo de exposición, que el informe no publica; para no encadenar dos inferencias porcentuales independientes se deja la Base y el N en blanco (ver metodología en el brief)."
433,Adolescentes con experiencia indirecta en apuestas online,,Percepciones de las motivaciones para participar en apuestas online,Tienen adultos/as cercano/as que lo hacen,Región,Centro,47,,,28,Tabla 8,Tabla,Múltiple,No aplica,"Requiere la composición demográfica interna del subgrupo de exposición, que el informe no publica; para no encadenar dos inferencias porcentuales independientes se deja la Base y el N en blanco (ver metodología en el brief)."
434,Adolescentes con experiencia indirecta en apuestas online,,Percepciones de las motivaciones para participar en apuestas online,Buscan competir con otros/as amigos/as que también lo hacen,Región,Centro,50,,,28,Tabla 8,Tabla,Múltiple,No aplica,"Requiere la composición demográfica interna del subgrupo de exposición, que el informe no publica; para no encadenar dos inferencias porcentuales independientes se deja la Base y el N en blanco (ver metodología en el brief)."
435,Adolescentes con experiencia indirecta en apuestas online,,Percepciones de las motivaciones para participar en apuestas online,Quieren para probar suerte,Región,Cuyo,78,,,28,Tabla 8,Tabla,Múltiple,No aplica,"Requiere la composición demográfica interna del subgrupo de exposición, que el informe no publica; para no encadenar dos inferencias porcentuales independientes se deja la Base y el N en blanco (ver metodología en el brief)."
436,Adolescentes con experiencia indirecta en apuestas online,,Percepciones de las motivaciones para participar en apuestas online,Buscan divertirse,Región,Cuyo,72,,,28,Tabla 8,Tabla,Múltiple,No aplica,"Requiere la composición demográfica interna del subgrupo de exposición, que el informe no publica; para no encadenar dos inferencias porcentuales independientes se deja la Base y el N en blanco (ver metodología en el brief)."
437,Adolescentes con experiencia indirecta en apuestas online,,Percepciones de las motivaciones para participar en apuestas online,"Ganan plata fácil, rápido y sin esfuerzo",Región,Cuyo,88,,,28,Tabla 8,Tabla,Múltiple,No aplica,"Requiere la composición demográfica interna del subgrupo de exposición, que el informe no publica; para no encadenar dos inferencias porcentuales independientes se deja la Base y el N en blanco (ver metodología en el brief)."
438,Adolescentes con experiencia indirecta en apuestas online,,Percepciones de las motivaciones para participar en apuestas online,"Recibieron un bono gratis, descuento, promociones y/o créditos para empezar",Región,Cuyo,54,,,28,Tabla 8,Tabla,Múltiple,No aplica,"Requiere la composición demográfica interna del subgrupo de exposición, que el informe no publica; para no encadenar dos inferencias porcentuales independientes se deja la Base y el N en blanco (ver metodología en el brief)."
439,Adolescentes con experiencia indirecta en apuestas online,,Percepciones de las motivaciones para participar en apuestas online,Se tentaron por las publicidades de las casas de apuestas,Región,Cuyo,66,,,28,Tabla 8,Tabla,Múltiple,No aplica,"Requiere la composición demográfica interna del subgrupo de exposición, que el informe no publica; para no encadenar dos inferencias porcentuales independientes se deja la Base y el N en blanco (ver metodología en el brief)."
440,Adolescentes con experiencia indirecta en apuestas online,,Percepciones de las motivaciones para participar en apuestas online,Vieron publicidades de influencers o personas famosas que las recomiendan,Región,Cuyo,78,,,28,Tabla 8,Tabla,Múltiple,No aplica,"Requiere la composición demográfica interna del subgrupo de exposición, que el informe no publica; para no encadenar dos inferencias porcentuales independientes se deja la Base y el N en blanco (ver metodología en el brief)."
441,Adolescentes con experiencia indirecta en apuestas online,,Percepciones de las motivaciones para participar en apuestas online,Muchas personas cercanas lo hacen y no quieren quedarme afuera,Región,Cuyo,66,,,28,Tabla 8,Tabla,Múltiple,No aplica,"Requiere la composición demográfica interna del subgrupo de exposición, que el informe no publica; para no encadenar dos inferencias porcentuales independientes se deja la Base y el N en blanco (ver metodología en el brief)."
442,Adolescentes con experiencia indirecta en apuestas online,,Percepciones de las motivaciones para participar en apuestas online,Tienen adultos/as cercano/as que lo hacen,Región,Cuyo,66,,,28,Tabla 8,Tabla,Múltiple,No aplica,"Requiere la composición demográfica interna del subgrupo de exposición, que el informe no publica; para no encadenar dos inferencias porcentuales independientes se deja la Base y el N en blanco (ver metodología en el brief)."
443,Adolescentes con experiencia indirecta en apuestas online,,Percepciones de las motivaciones para participar en apuestas online,Buscan competir con otros/as amigos/as que también lo hacen,Región,Cuyo,50,,,28,Tabla 8,Tabla,Múltiple,No aplica,"Requiere la composición demográfica interna del subgrupo de exposición, que el informe no publica; para no encadenar dos inferencias porcentuales independientes se deja la Base y el N en blanco (ver metodología en el brief)."
444,Adolescentes con experiencia indirecta en apuestas online,,Percepciones de las motivaciones para participar en apuestas online,Quieren para probar suerte,Región,NEA,88,,,28,Tabla 8,Tabla,Múltiple,No aplica,"Requiere la composición demográfica interna del subgrupo de exposición, que el informe no publica; para no encadenar dos inferencias porcentuales independientes se deja la Base y el N en blanco (ver metodología en el brief)."
445,Adolescentes con experiencia indirecta en apuestas online,,Percepciones de las motivaciones para participar en apuestas online,Buscan divertirse,Región,NEA,68,,,28,Tabla 8,Tabla,Múltiple,No aplica,"Requiere la composición demográfica interna del subgrupo de exposición, que el informe no publica; para no encadenar dos inferencias porcentuales independientes se deja la Base y el N en blanco (ver metodología en el brief)."
446,Adolescentes con experiencia indirecta en apuestas online,,Percepciones de las motivaciones para participar en apuestas online,"Ganan plata fácil, rápido y sin esfuerzo",Región,NEA,86,,,28,Tabla 8,Tabla,Múltiple,No aplica,"Requiere la composición demográfica interna del subgrupo de exposición, que el informe no publica; para no encadenar dos inferencias porcentuales independientes se deja la Base y el N en blanco (ver metodología en el brief)."
447,Adolescentes con experiencia indirecta en apuestas online,,Percepciones de las motivaciones para participar en apuestas online,"Recibieron un bono gratis, descuento, promociones y/o créditos para empezar",Región,NEA,53,,,28,Tabla 8,Tabla,Múltiple,No aplica,"Requiere la composición demográfica interna del subgrupo de exposición, que el informe no publica; para no encadenar dos inferencias porcentuales independientes se deja la Base y el N en blanco (ver metodología en el brief)."
448,Adolescentes con experiencia indirecta en apuestas online,,Percepciones de las motivaciones para participar en apuestas online,Se tentaron por las publicidades de las casas de apuestas,Región,NEA,70,,,28,Tabla 8,Tabla,Múltiple,No aplica,"Requiere la composición demográfica interna del subgrupo de exposición, que el informe no publica; para no encadenar dos inferencias porcentuales independientes se deja la Base y el N en blanco (ver metodología en el brief)."
449,Adolescentes con experiencia indirecta en apuestas online,,Percepciones de las motivaciones para participar en apuestas online,Vieron publicidades de influencers o personas famosas que las recomiendan,Región,NEA,68,,,28,Tabla 8,Tabla,Múltiple,No aplica,"Requiere la composición demográfica interna del subgrupo de exposición, que el informe no publica; para no encadenar dos inferencias porcentuales independientes se deja la Base y el N en blanco (ver metodología en el brief)."
450,Adolescentes con experiencia indirecta en apuestas online,,Percepciones de las motivaciones para participar en apuestas online,Muchas personas cercanas lo hacen y no quieren quedarme afuera,Región,NEA,68,,,28,Tabla 8,Tabla,Múltiple,No aplica,"Requiere la composición demográfica interna del subgrupo de exposición, que el informe no publica; para no encadenar dos inferencias porcentuales independientes se deja la Base y el N en blanco (ver metodología en el brief)."
451,Adolescentes con experiencia indirecta en apuestas online,,Percepciones de las motivaciones para participar en apuestas online,Tienen adultos/as cercano/as que lo hacen,Región,NEA,67,,,28,Tabla 8,Tabla,Múltiple,No aplica,"Requiere la composición demográfica interna del subgrupo de exposición, que el informe no publica; para no encadenar dos inferencias porcentuales independientes se deja la Base y el N en blanco (ver metodología en el brief)."
452,Adolescentes con experiencia indirecta en apuestas online,,Percepciones de las motivaciones para participar en apuestas online,Buscan competir con otros/as amigos/as que también lo hacen,Región,NEA,44,,,28,Tabla 8,Tabla,Múltiple,No aplica,"Requiere la composición demográfica interna del subgrupo de exposición, que el informe no publica; para no encadenar dos inferencias porcentuales independientes se deja la Base y el N en blanco (ver metodología en el brief)."
453,Adolescentes con experiencia indirecta en apuestas online,,Percepciones de las motivaciones para participar en apuestas online,Quieren para probar suerte,Región,NOA,84,,,28,Tabla 8,Tabla,Múltiple,No aplica,"Requiere la composición demográfica interna del subgrupo de exposición, que el informe no publica; para no encadenar dos inferencias porcentuales independientes se deja la Base y el N en blanco (ver metodología en el brief)."
454,Adolescentes con experiencia indirecta en apuestas online,,Percepciones de las motivaciones para participar en apuestas online,Buscan divertirse,Región,NOA,72,,,28,Tabla 8,Tabla,Múltiple,No aplica,"Requiere la composición demográfica interna del subgrupo de exposición, que el informe no publica; para no encadenar dos inferencias porcentuales independientes se deja la Base y el N en blanco (ver metodología en el brief)."
455,Adolescentes con experiencia indirecta en apuestas online,,Percepciones de las motivaciones para participar en apuestas online,"Ganan plata fácil, rápido y sin esfuerzo",Región,NOA,93,,,28,Tabla 8,Tabla,Múltiple,No aplica,"Requiere la composición demográfica interna del subgrupo de exposición, que el informe no publica; para no encadenar dos inferencias porcentuales independientes se deja la Base y el N en blanco (ver metodología en el brief)."
456,Adolescentes con experiencia indirecta en apuestas online,,Percepciones de las motivaciones para participar en apuestas online,"Recibieron un bono gratis, descuento, promociones y/o créditos para empezar",Región,NOA,53,,,28,Tabla 8,Tabla,Múltiple,No aplica,"Requiere la composición demográfica interna del subgrupo de exposición, que el informe no publica; para no encadenar dos inferencias porcentuales independientes se deja la Base y el N en blanco (ver metodología en el brief)."
457,Adolescentes con experiencia indirecta en apuestas online,,Percepciones de las motivaciones para participar en apuestas online,Se tentaron por las publicidades de las casas de apuestas,Región,NOA,76,,,28,Tabla 8,Tabla,Múltiple,No aplica,"Requiere la composición demográfica interna del subgrupo de exposición, que el informe no publica; para no encadenar dos inferencias porcentuales independientes se deja la Base y el N en blanco (ver metodología en el brief)."
458,Adolescentes con experiencia indirecta en apuestas online,,Percepciones de las motivaciones para participar en apuestas online,Vieron publicidades de influencers o personas famosas que las recomiendan,Región,NOA,75,,,28,Tabla 8,Tabla,Múltiple,No aplica,"Requiere la composición demográfica interna del subgrupo de exposición, que el informe no publica; para no encadenar dos inferencias porcentuales independientes se deja la Base y el N en blanco (ver metodología en el brief)."
459,Adolescentes con experiencia indirecta en apuestas online,,Percepciones de las motivaciones para participar en apuestas online,Muchas personas cercanas lo hacen y no quieren quedarme afuera,Región,NOA,64,,,28,Tabla 8,Tabla,Múltiple,No aplica,"Requiere la composición demográfica interna del subgrupo de exposición, que el informe no publica; para no encadenar dos inferencias porcentuales independientes se deja la Base y el N en blanco (ver metodología en el brief)."
460,Adolescentes con experiencia indirecta en apuestas online,,Percepciones de las motivaciones para participar en apuestas online,Tienen adultos/as cercano/as que lo hacen,Región,NOA,57,,,28,Tabla 8,Tabla,Múltiple,No aplica,"Requiere la composición demográfica interna del subgrupo de exposición, que el informe no publica; para no encadenar dos inferencias porcentuales independientes se deja la Base y el N en blanco (ver metodología en el brief)."
461,Adolescentes con experiencia indirecta en apuestas online,,Percepciones de las motivaciones para participar en apuestas online,Buscan competir con otros/as amigos/as que también lo hacen,Región,NOA,50,,,28,Tabla 8,Tabla,Múltiple,No aplica,"Requiere la composición demográfica interna del subgrupo de exposición, que el informe no publica; para no encadenar dos inferencias porcentuales independientes se deja la Base y el N en blanco (ver metodología en el brief)."
462,Adolescentes con experiencia indirecta en apuestas online,,Percepciones de las motivaciones para participar en apuestas online,Quieren para probar suerte,Región,Patagonia,86,,,28,Tabla 8,Tabla,Múltiple,No aplica,"Requiere la composición demográfica interna del subgrupo de exposición, que el informe no publica; para no encadenar dos inferencias porcentuales independientes se deja la Base y el N en blanco (ver metodología en el brief)."
463,Adolescentes con experiencia indirecta en apuestas online,,Percepciones de las motivaciones para participar en apuestas online,Buscan divertirse,Región,Patagonia,77,,,28,Tabla 8,Tabla,Múltiple,No aplica,"Requiere la composición demográfica interna del subgrupo de exposición, que el informe no publica; para no encadenar dos inferencias porcentuales independientes se deja la Base y el N en blanco (ver metodología en el brief)."
464,Adolescentes con experiencia indirecta en apuestas online,,Percepciones de las motivaciones para participar en apuestas online,"Ganan plata fácil, rápido y sin esfuerzo",Región,Patagonia,84,,,28,Tabla 8,Tabla,Múltiple,No aplica,"Requiere la composición demográfica interna del subgrupo de exposición, que el informe no publica; para no encadenar dos inferencias porcentuales independientes se deja la Base y el N en blanco (ver metodología en el brief)."
465,Adolescentes con experiencia indirecta en apuestas online,,Percepciones de las motivaciones para participar en apuestas online,"Recibieron un bono gratis, descuento, promociones y/o créditos para empezar",Región,Patagonia,53,,,28,Tabla 8,Tabla,Múltiple,No aplica,"Requiere la composición demográfica interna del subgrupo de exposición, que el informe no publica; para no encadenar dos inferencias porcentuales independientes se deja la Base y el N en blanco (ver metodología en el brief)."
466,Adolescentes con experiencia indirecta en apuestas online,,Percepciones de las motivaciones para participar en apuestas online,Se tentaron por las publicidades de las casas de apuestas,Región,Patagonia,69,,,28,Tabla 8,Tabla,Múltiple,No aplica,"Requiere la composición demográfica interna del subgrupo de exposición, que el informe no publica; para no encadenar dos inferencias porcentuales independientes se deja la Base y el N en blanco (ver metodología en el brief)."
467,Adolescentes con experiencia indirecta en apuestas online,,Percepciones de las motivaciones para participar en apuestas online,Vieron publicidades de influencers o personas famosas que las recomiendan,Región,Patagonia,70,,,28,Tabla 8,Tabla,Múltiple,No aplica,"Requiere la composición demográfica interna del subgrupo de exposición, que el informe no publica; para no encadenar dos inferencias porcentuales independientes se deja la Base y el N en blanco (ver metodología en el brief)."
468,Adolescentes con experiencia indirecta en apuestas online,,Percepciones de las motivaciones para participar en apuestas online,Muchas personas cercanas lo hacen y no quieren quedarme afuera,Región,Patagonia,70,,,28,Tabla 8,Tabla,Múltiple,No aplica,"Requiere la composición demográfica interna del subgrupo de exposición, que el informe no publica; para no encadenar dos inferencias porcentuales independientes se deja la Base y el N en blanco (ver metodología en el brief)."
469,Adolescentes con experiencia indirecta en apuestas online,,Percepciones de las motivaciones para participar en apuestas online,Tienen adultos/as cercano/as que lo hacen,Región,Patagonia,62,,,28,Tabla 8,Tabla,Múltiple,No aplica,"Requiere la composición demográfica interna del subgrupo de exposición, que el informe no publica; para no encadenar dos inferencias porcentuales independientes se deja la Base y el N en blanco (ver metodología en el brief)."
470,Adolescentes con experiencia indirecta en apuestas online,,Percepciones de las motivaciones para participar en apuestas online,Buscan competir con otros/as amigos/as que también lo hacen,Región,Patagonia,53,,,28,Tabla 8,Tabla,Múltiple,No aplica,"Requiere la composición demográfica interna del subgrupo de exposición, que el informe no publica; para no encadenar dos inferencias porcentuales independientes se deja la Base y el N en blanco (ver metodología en el brief)."
471,Adolescentes con experiencia indirecta en apuestas online,,Vínculo con la persona cercana que participa en apuestas online,Amistad o compañerismo escolar,Total,,78,5139,4008,29,,Texto,Múltiple,Inferida,Pregunta de respuesta múltiple: la suma de % supera el 100% (119% según el informe).
472,Adolescentes con experiencia indirecta en apuestas online,,Vínculo con la persona cercana que participa en apuestas online,Madre o padre,Total,,9,5139,463,29,,Texto,Múltiple,Inferida,Pregunta de respuesta múltiple: la suma de % supera el 100% (119% según el informe).
473,Adolescentes con experiencia indirecta en apuestas online,,Vínculo con la persona cercana que participa en apuestas online,Hermanos/as,Total,,5,5139,257,29,,Texto,Múltiple,Inferida,Pregunta de respuesta múltiple: la suma de % supera el 100% (119% según el informe).
474,Adolescentes con experiencia indirecta en apuestas online,,Vínculo con la persona cercana que participa en apuestas online,Pareja,Total,,2,5139,103,29,,Texto,Múltiple,Inferida,Pregunta de respuesta múltiple: la suma de % supera el 100% (119% según el informe).
475,Adolescentes con experiencia indirecta en apuestas online,,Vínculo con la persona cercana que participa en apuestas online,Otros vínculos,Total,,25,5139,1285,29,,Texto,Múltiple,Inferida,Pregunta de respuesta múltiple: la suma de % supera el 100% (119% según el informe).
476,Adolescentes con experiencia indirecta en apuestas online,,Tipo de apuestas online en la que participa el entorno,Casinos o loterías virtuales,Total,,59,5139,3032,29,Gráfico 11,Gráfico,Única,Inferida,
477,Adolescentes con experiencia indirecta en apuestas online,,Tipo de apuestas online en la que participa el entorno,Ambas,Total,,29,5139,1490,29,Gráfico 11,Gráfico,Única,Inferida,
478,Adolescentes con experiencia indirecta en apuestas online,,Tipo de apuestas online en la que participa el entorno,Apuestas deportivas,Total,,10,5139,514,29,Gráfico 11,Gráfico,Única,Inferida,
479,Adolescentes con experiencia indirecta en apuestas online,,Tipo de apuestas online en la que participa el entorno,Otro tipo de apuestas,Total,,2,5139,103,29,Gráfico 11,Gráfico,Única,Inferida,
480,Impacto emocional y social de las apuestas online,,Impacto emocional y social de las apuestas online,Generar adicción o consumo problemático — Totalmente y algo de acuerdo,Tipo de exposición,Participa en apuestas,79,1827,1443,30,Tabla 9,Tabla,Única,Inferida,
481,Impacto emocional y social de las apuestas online,,Impacto emocional y social de las apuestas online,Generar adicción o consumo problemático — Totalmente y algo de acuerdo,Tipo de exposición,Conoce a alguien,89,5139,4574,30,Tabla 9,Tabla,Única,Inferida,
482,Impacto emocional y social de las apuestas online,,Impacto emocional y social de las apuestas online,Generar adicción o consumo problemático — Totalmente y algo de acuerdo,Tipo de exposición,No participa ni conoce a alguien,78,3084,2406,30,Tabla 9,Tabla,Única,Inferida,
483,Impacto emocional y social de las apuestas online,,Impacto emocional y social de las apuestas online,Generar problemas económicos o endeudamiento — Totalmente y algo de acuerdo,Tipo de exposición,Participa en apuestas,74,1827,1352,30,Tabla 9,Tabla,Única,Inferida,
484,Impacto emocional y social de las apuestas online,,Impacto emocional y social de las apuestas online,Generar problemas económicos o endeudamiento — Totalmente y algo de acuerdo,Tipo de exposición,Conoce a alguien,86,5139,4420,30,Tabla 9,Tabla,Única,Inferida,
485,Impacto emocional y social de las apuestas online,,Impacto emocional y social de las apuestas online,Generar problemas económicos o endeudamiento — Totalmente y algo de acuerdo,Tipo de exposición,No participa ni conoce a alguien,76,3084,2344,30,Tabla 9,Tabla,Única,Inferida,
486,Impacto emocional y social de las apuestas online,,Impacto emocional y social de las apuestas online,Generar ansiedad o malestar — Totalmente y algo de acuerdo,Tipo de exposición,Participa en apuestas,69,1827,1261,30,Tabla 9,Tabla,Única,Inferida,
487,Impacto emocional y social de las apuestas online,,Impacto emocional y social de las apuestas online,Generar ansiedad o malestar — Totalmente y algo de acuerdo,Tipo de exposición,Conoce a alguien,79,5139,4060,30,Tabla 9,Tabla,Única,Inferida,
488,Impacto emocional y social de las apuestas online,,Impacto emocional y social de las apuestas online,Generar ansiedad o malestar — Totalmente y algo de acuerdo,Tipo de exposición,No participa ni conoce a alguien,72,3084,2220,30,Tabla 9,Tabla,Única,Inferida,
489,Impacto emocional y social de las apuestas online,,Impacto emocional y social de las apuestas online,Verse impulsadas por la presión de amigos y conocidos para participar — Totalmente y algo de acuerdo,Tipo de exposición,Participa en apuestas,51,1827,932,30,Tabla 9,Tabla,Única,Inferida,
490,Impacto emocional y social de las apuestas online,,Impacto emocional y social de las apuestas online,Verse impulsadas por la presión de amigos y conocidos para participar — Totalmente y algo de acuerdo,Tipo de exposición,Conoce a alguien,62,5139,3186,30,Tabla 9,Tabla,Única,Inferida,
491,Impacto emocional y social de las apuestas online,,Impacto emocional y social de las apuestas online,Verse impulsadas por la presión de amigos y conocidos para participar — Totalmente y algo de acuerdo,Tipo de exposición,No participa ni conoce a alguien,59,3084,1820,30,Tabla 9,Tabla,Única,Inferida,
492,Impacto emocional y social de las apuestas online,,Impacto emocional y social de las apuestas online,Afectar hábitos como el sueño — Totalmente y algo de acuerdo,Tipo de exposición,Participa en apuestas,49,1827,895,30,Tabla 9,Tabla,Única,Inferida,
493,Impacto emocional y social de las apuestas online,,Impacto emocional y social de las apuestas online,Afectar hábitos como el sueño — Totalmente y algo de acuerdo,Tipo de exposición,Conoce a alguien,61,5139,3135,30,Tabla 9,Tabla,Única,Inferida,
494,Impacto emocional y social de las apuestas online,,Impacto emocional y social de las apuestas online,Afectar hábitos como el sueño — Totalmente y algo de acuerdo,Tipo de exposición,No participa ni conoce a alguien,62,3084,1912,30,Tabla 9,Tabla,Única,Inferida,
495,Impacto emocional y social de las apuestas online,,Impacto emocional y social de las apuestas online,Afectar el rendimiento escolar — Totalmente y algo de acuerdo,Tipo de exposición,Participa en apuestas,47,1827,859,30,Tabla 9,Tabla,Única,Inferida,
496,Impacto emocional y social de las apuestas online,,Impacto emocional y social de las apuestas online,Afectar el rendimiento escolar — Totalmente y algo de acuerdo,Tipo de exposición,Conoce a alguien,70,5139,3597,30,Tabla 9,Tabla,Única,Inferida,
497,Impacto emocional y social de las apuestas online,,Impacto emocional y social de las apuestas online,Afectar el rendimiento escolar — Totalmente y algo de acuerdo,Tipo de exposición,No participa ni conoce a alguien,70,3084,2159,30,Tabla 9,Tabla,Única,Inferida,
498,Impacto emocional y social de las apuestas online,,Impacto emocional y social de las apuestas online,Afectar las relaciones con la familia y amigos/as — Totalmente y algo de acuerdo,Tipo de exposición,Participa en apuestas,42,1827,767,30,Tabla 9,Tabla,Única,Inferida,
499,Impacto emocional y social de las apuestas online,,Impacto emocional y social de las apuestas online,Afectar las relaciones con la familia y amigos/as — Totalmente y algo de acuerdo,Tipo de exposición,Conoce a alguien,63,5139,3238,30,Tabla 9,Tabla,Única,Inferida,
500,Impacto emocional y social de las apuestas online,,Impacto emocional y social de las apuestas online,Afectar las relaciones con la familia y amigos/as — Totalmente y algo de acuerdo,Tipo de exposición,No participa ni conoce a alguien,65,3084,2005,30,Tabla 9,Tabla,Única,Inferida,
501,Impacto emocional y social de las apuestas online,,Impacto emocional y social de las apuestas online,Aislar a las personas o alejarlas de su entorno — Totalmente y algo de acuerdo,Tipo de exposición,Participa en apuestas,41,1827,749,30,Tabla 9,Tabla,Única,Inferida,
502,Impacto emocional y social de las apuestas online,,Impacto emocional y social de las apuestas online,Aislar a las personas o alejarlas de su entorno — Totalmente y algo de acuerdo,Tipo de exposición,Conoce a alguien,56,5139,2878,30,Tabla 9,Tabla,Única,Inferida,
503,Impacto emocional y social de las apuestas online,,Impacto emocional y social de las apuestas online,Aislar a las personas o alejarlas de su entorno — Totalmente y algo de acuerdo,Tipo de exposición,No participa ni conoce a alguien,63,3084,1943,30,Tabla 9,Tabla,Única,Inferida,
504,Impacto emocional y social de las apuestas online,,Impacto emocional y social de las apuestas online,Afectar hábitos como la alimentación — Totalmente y algo de acuerdo,Tipo de exposición,Participa en apuestas,30,1827,548,30,Tabla 9,Tabla,Única,Inferida,
505,Impacto emocional y social de las apuestas online,,Impacto emocional y social de las apuestas online,Afectar hábitos como la alimentación — Totalmente y algo de acuerdo,Tipo de exposición,Conoce a alguien,38,5139,1953,30,Tabla 9,Tabla,Única,Inferida,
506,Impacto emocional y social de las apuestas online,,Impacto emocional y social de las apuestas online,Afectar hábitos como la alimentación — Totalmente y algo de acuerdo,Tipo de exposición,No participa ni conoce a alguien,47,3084,1449,30,Tabla 9,Tabla,Única,Inferida,
507,Impacto emocional y social de las apuestas online,,Impacto emocional y social de las apuestas online,Generar adicción o consumo problemático — Totalmente y algo de acuerdo,Género,Mujeres (participa),77,,,31,,Texto,Única,No aplica,"Requiere la composición demográfica interna del subgrupo de exposición, que el informe no publica; para no encadenar dos inferencias porcentuales independientes se deja la Base y el N en blanco (ver metodología en el brief)."
508,Impacto emocional y social de las apuestas online,,Impacto emocional y social de las apuestas online,Generar adicción o consumo problemático — Totalmente y algo de acuerdo,Género,Varones (participa),79,,,31,,Texto,Única,No aplica,"Requiere la composición demográfica interna del subgrupo de exposición, que el informe no publica; para no encadenar dos inferencias porcentuales independientes se deja la Base y el N en blanco (ver metodología en el brief)."
509,Impacto emocional y social de las apuestas online,,Impacto emocional y social de las apuestas online,Generar adicción o consumo problemático — Totalmente y algo de acuerdo,Género,Mujeres (conoce a alguien),89,,,31,,Texto,Única,No aplica,"Requiere la composición demográfica interna del subgrupo de exposición, que el informe no publica; para no encadenar dos inferencias porcentuales independientes se deja la Base y el N en blanco (ver metodología en el brief)."
510,Impacto emocional y social de las apuestas online,,Impacto emocional y social de las apuestas online,Generar adicción o consumo problemático — Totalmente y algo de acuerdo,Género,Varones (conoce a alguien),88,,,31,,Texto,Única,No aplica,"Requiere la composición demográfica interna del subgrupo de exposición, que el informe no publica; para no encadenar dos inferencias porcentuales independientes se deja la Base y el N en blanco (ver metodología en el brief)."
511,Impacto emocional y social de las apuestas online,,Impacto emocional y social de las apuestas online,Generar problemas económicos o endeudamiento — Totalmente y algo de acuerdo,Género,Mujeres (participa),71,,,31,,Texto,Única,No aplica,"Requiere la composición demográfica interna del subgrupo de exposición, que el informe no publica; para no encadenar dos inferencias porcentuales independientes se deja la Base y el N en blanco (ver metodología en el brief)."
512,Impacto emocional y social de las apuestas online,,Impacto emocional y social de las apuestas online,Generar problemas económicos o endeudamiento — Totalmente y algo de acuerdo,Género,Varones (participa),75,,,31,,Texto,Única,No aplica,"Requiere la composición demográfica interna del subgrupo de exposición, que el informe no publica; para no encadenar dos inferencias porcentuales independientes se deja la Base y el N en blanco (ver metodología en el brief)."
513,Impacto emocional y social de las apuestas online,,Impacto emocional y social de las apuestas online,Generar problemas económicos o endeudamiento — Totalmente y algo de acuerdo,Género,Mujeres (conoce a alguien),85,,,31,,Texto,Única,No aplica,"Requiere la composición demográfica interna del subgrupo de exposición, que el informe no publica; para no encadenar dos inferencias porcentuales independientes se deja la Base y el N en blanco (ver metodología en el brief)."
514,Impacto emocional y social de las apuestas online,,Impacto emocional y social de las apuestas online,Generar problemas económicos o endeudamiento — Totalmente y algo de acuerdo,Género,Varones (conoce a alguien),86,,,31,,Texto,Única,No aplica,"Requiere la composición demográfica interna del subgrupo de exposición, que el informe no publica; para no encadenar dos inferencias porcentuales independientes se deja la Base y el N en blanco (ver metodología en el brief)."
515,Influencers y medios,,Exposición a estímulos de publicidad de apuestas online (Sí),Publicidad de apuestas online en redes sociales o medios de comunicación,Tipo de exposición,Participa en apuestas,78,1827,1425,32,Tabla 10,Tabla,Única,Inferida,
516,Influencers y medios,,Exposición a estímulos de publicidad de apuestas online (Sí),Publicidad de apuestas online en redes sociales o medios de comunicación,Tipo de exposición,Conoce a alguien,79,5139,4060,32,Tabla 10,Tabla,Única,Inferida,
517,Influencers y medios,,Exposición a estímulos de publicidad de apuestas online (Sí),Publicidad de apuestas online en redes sociales o medios de comunicación,Tipo de exposición,No participa ni conoce a alguien,71,3084,2190,32,Tabla 10,Tabla,Única,Inferida,
518,Influencers y medios,,Exposición a estímulos de publicidad de apuestas online (Sí),Influencers o personas famosas promocionando apuestas online,Tipo de exposición,Participa en apuestas,76,1827,1389,32,Tabla 10,Tabla,Única,Inferida,
519,Influencers y medios,,Exposición a estímulos de publicidad de apuestas online (Sí),Influencers o personas famosas promocionando apuestas online,Tipo de exposición,Conoce a alguien,75,5139,3854,32,Tabla 10,Tabla,Única,Inferida,
520,Influencers y medios,,Exposición a estímulos de publicidad de apuestas online (Sí),Influencers o personas famosas promocionando apuestas online,Tipo de exposición,No participa ni conoce a alguien,66,3084,2035,32,Tabla 10,Tabla,Única,Inferida,
521,Influencers y medios,,Exposición a estímulos de publicidad de apuestas online (Sí),Publicidad de apuestas online en páginas web,Tipo de exposición,Participa en apuestas,74,1827,1352,32,Tabla 10,Tabla,Única,Inferida,
522,Influencers y medios,,Exposición a estímulos de publicidad de apuestas online (Sí),Publicidad de apuestas online en páginas web,Tipo de exposición,Conoce a alguien,77,5139,3957,32,Tabla 10,Tabla,Única,Inferida,
523,Influencers y medios,,Exposición a estímulos de publicidad de apuestas online (Sí),Publicidad de apuestas online en páginas web,Tipo de exposición,No participa ni conoce a alguien,67,3084,2066,32,Tabla 10,Tabla,Única,Inferida,
524,Influencers y medios,,Exposición a estímulos de publicidad de apuestas online (Sí),Publicidad de apuestas online en eventos deportivos,Tipo de exposición,Participa en apuestas,73,1827,1334,32,Tabla 10,Tabla,Única,Inferida,
525,Influencers y medios,,Exposición a estímulos de publicidad de apuestas online (Sí),Publicidad de apuestas online en eventos deportivos,Tipo de exposición,Conoce a alguien,66,5139,3392,32,Tabla 10,Tabla,Única,Inferida,
526,Influencers y medios,,Exposición a estímulos de publicidad de apuestas online (Sí),Publicidad de apuestas online en eventos deportivos,Tipo de exposición,No participa ni conoce a alguien,61,3084,1881,32,Tabla 10,Tabla,Única,Inferida,
527,Influencers y medios,,Exposición a estímulos de publicidad de apuestas online (Sí),Publicidad de apuestas online en videojuegos o plataformas de streaming,Tipo de exposición,Participa en apuestas,67,1827,1224,32,Tabla 10,Tabla,Única,Inferida,
528,Influencers y medios,,Exposición a estímulos de publicidad de apuestas online (Sí),Publicidad de apuestas online en videojuegos o plataformas de streaming,Tipo de exposición,Conoce a alguien,65,5139,3340,32,Tabla 10,Tabla,Única,Inferida,
529,Influencers y medios,,Exposición a estímulos de publicidad de apuestas online (Sí),Publicidad de apuestas online en videojuegos o plataformas de streaming,Tipo de exposición,No participa ni conoce a alguien,55,3084,1696,32,Tabla 10,Tabla,Única,Inferida,
530,Regulación y prevención,Conocimiento de edad mínima legal,Conocimiento de que existe una edad mínima legal para apostar,Sí,Tipo de exposición,Participa en apuestas,68,1827,1242,33,Gráfico 12,Gráfico,Única,Inferida,
531,Regulación y prevención,Conocimiento de edad mínima legal,Conocimiento de que existe una edad mínima legal para apostar,No,Tipo de exposición,Participa en apuestas,32,1827,585,33,Gráfico 12,Gráfico,Única,Inferida,
532,Regulación y prevención,Conocimiento de edad mínima legal,Conocimiento de que existe una edad mínima legal para apostar,Sí,Tipo de exposición,Conoce a alguien,61,5139,3135,33,Gráfico 12,Gráfico,Única,Inferida,
533,Regulación y prevención,Conocimiento de edad mínima legal,Conocimiento de que existe una edad mínima legal para apostar,No,Tipo de exposición,Conoce a alguien,39,5139,2004,33,Gráfico 12,Gráfico,Única,Inferida,
534,Regulación y prevención,Conocimiento de edad mínima legal,Conocimiento de que existe una edad mínima legal para apostar,Sí,Tipo de exposición,No participa ni conoce a alguien,64,3084,1974,33,Gráfico 12,Gráfico,Única,Inferida,
535,Regulación y prevención,Conocimiento de edad mínima legal,Conocimiento de que existe una edad mínima legal para apostar,No,Tipo de exposición,No participa ni conoce a alguien,36,3084,1110,33,Gráfico 12,Gráfico,Única,Inferida,
536,Regulación y prevención,Conocimiento de edad mínima legal,Conocimiento de que existe una edad mínima legal para apostar,Sí,Género,Mujeres (Participa en apuestas),67,,,34,Tabla 11,Tabla,Única,No aplica,"Requiere la composición demográfica interna del subgrupo de exposición, que el informe no publica; para no encadenar dos inferencias porcentuales independientes se deja la Base y el N en blanco (ver metodología en el brief)."
537,Regulación y prevención,Conocimiento de edad mínima legal,Conocimiento de que existe una edad mínima legal para apostar,Sí,Género,Mujeres (Conoce a alguien),57,,,34,Tabla 11,Tabla,Única,No aplica,"Requiere la composición demográfica interna del subgrupo de exposición, que el informe no publica; para no encadenar dos inferencias porcentuales independientes se deja la Base y el N en blanco (ver metodología en el brief)."
538,Regulación y prevención,Conocimiento de edad mínima legal,Conocimiento de que existe una edad mínima legal para apostar,Sí,Género,Mujeres (No participa ni conoce a alguien),58,,,34,Tabla 11,Tabla,Única,No aplica,"Requiere la composición demográfica interna del subgrupo de exposición, que el informe no publica; para no encadenar dos inferencias porcentuales independientes se deja la Base y el N en blanco (ver metodología en el brief)."
539,Regulación y prevención,Conocimiento de edad mínima legal,Conocimiento de que existe una edad mínima legal para apostar,Sí,Género,Varones (Participa en apuestas),68,,,34,Tabla 11,Tabla,Única,No aplica,"Requiere la composición demográfica interna del subgrupo de exposición, que el informe no publica; para no encadenar dos inferencias porcentuales independientes se deja la Base y el N en blanco (ver metodología en el brief)."
540,Regulación y prevención,Conocimiento de edad mínima legal,Conocimiento de que existe una edad mínima legal para apostar,Sí,Género,Varones (Conoce a alguien),65,,,34,Tabla 11,Tabla,Única,No aplica,"Requiere la composición demográfica interna del subgrupo de exposición, que el informe no publica; para no encadenar dos inferencias porcentuales independientes se deja la Base y el N en blanco (ver metodología en el brief)."
541,Regulación y prevención,Conocimiento de edad mínima legal,Conocimiento de que existe una edad mínima legal para apostar,Sí,Género,Varones (No participa ni conoce a alguien),71,,,34,Tabla 11,Tabla,Única,No aplica,"Requiere la composición demográfica interna del subgrupo de exposición, que el informe no publica; para no encadenar dos inferencias porcentuales independientes se deja la Base y el N en blanco (ver metodología en el brief)."
542,Regulación y prevención,Conocimiento de edad mínima legal,Conocimiento de que existe una edad mínima legal para apostar,Sí,Edad,13 años (Participa en apuestas),72,,,34,Tabla 11,Tabla,Única,No aplica,"Requiere la composición demográfica interna del subgrupo de exposición, que el informe no publica; para no encadenar dos inferencias porcentuales independientes se deja la Base y el N en blanco (ver metodología en el brief)."
543,Regulación y prevención,Conocimiento de edad mínima legal,Conocimiento de que existe una edad mínima legal para apostar,Sí,Edad,13 años (Conoce a alguien),68,,,34,Tabla 11,Tabla,Única,No aplica,"Requiere la composición demográfica interna del subgrupo de exposición, que el informe no publica; para no encadenar dos inferencias porcentuales independientes se deja la Base y el N en blanco (ver metodología en el brief)."
544,Regulación y prevención,Conocimiento de edad mínima legal,Conocimiento de que existe una edad mínima legal para apostar,Sí,Edad,13 años (No participa ni conoce a alguien),70,,,34,Tabla 11,Tabla,Única,No aplica,"Requiere la composición demográfica interna del subgrupo de exposición, que el informe no publica; para no encadenar dos inferencias porcentuales independientes se deja la Base y el N en blanco (ver metodología en el brief)."
545,Regulación y prevención,Conocimiento de edad mínima legal,Conocimiento de que existe una edad mínima legal para apostar,Sí,Edad,14 años (Participa en apuestas),56,,,34,Tabla 11,Tabla,Única,No aplica,"Requiere la composición demográfica interna del subgrupo de exposición, que el informe no publica; para no encadenar dos inferencias porcentuales independientes se deja la Base y el N en blanco (ver metodología en el brief)."
546,Regulación y prevención,Conocimiento de edad mínima legal,Conocimiento de que existe una edad mínima legal para apostar,Sí,Edad,14 años (Conoce a alguien),60,,,34,Tabla 11,Tabla,Única,No aplica,"Requiere la composición demográfica interna del subgrupo de exposición, que el informe no publica; para no encadenar dos inferencias porcentuales independientes se deja la Base y el N en blanco (ver metodología en el brief)."
547,Regulación y prevención,Conocimiento de edad mínima legal,Conocimiento de que existe una edad mínima legal para apostar,Sí,Edad,14 años (No participa ni conoce a alguien),64,,,34,Tabla 11,Tabla,Única,No aplica,"Requiere la composición demográfica interna del subgrupo de exposición, que el informe no publica; para no encadenar dos inferencias porcentuales independientes se deja la Base y el N en blanco (ver metodología en el brief)."
548,Regulación y prevención,Conocimiento de edad mínima legal,Conocimiento de que existe una edad mínima legal para apostar,Sí,Edad,15 años (Participa en apuestas),69,,,34,Tabla 11,Tabla,Única,No aplica,"Requiere la composición demográfica interna del subgrupo de exposición, que el informe no publica; para no encadenar dos inferencias porcentuales independientes se deja la Base y el N en blanco (ver metodología en el brief)."
549,Regulación y prevención,Conocimiento de edad mínima legal,Conocimiento de que existe una edad mínima legal para apostar,Sí,Edad,15 años (Conoce a alguien),57,,,34,Tabla 11,Tabla,Única,No aplica,"Requiere la composición demográfica interna del subgrupo de exposición, que el informe no publica; para no encadenar dos inferencias porcentuales independientes se deja la Base y el N en blanco (ver metodología en el brief)."
550,Regulación y prevención,Conocimiento de edad mínima legal,Conocimiento de que existe una edad mínima legal para apostar,Sí,Edad,15 años (No participa ni conoce a alguien),58,,,34,Tabla 11,Tabla,Única,No aplica,"Requiere la composición demográfica interna del subgrupo de exposición, que el informe no publica; para no encadenar dos inferencias porcentuales independientes se deja la Base y el N en blanco (ver metodología en el brief)."
551,Regulación y prevención,Conocimiento de edad mínima legal,Conocimiento de que existe una edad mínima legal para apostar,Sí,Edad,16 años (Participa en apuestas),67,,,34,Tabla 11,Tabla,Única,No aplica,"Requiere la composición demográfica interna del subgrupo de exposición, que el informe no publica; para no encadenar dos inferencias porcentuales independientes se deja la Base y el N en blanco (ver metodología en el brief)."
552,Regulación y prevención,Conocimiento de edad mínima legal,Conocimiento de que existe una edad mínima legal para apostar,Sí,Edad,16 años (Conoce a alguien),60,,,34,Tabla 11,Tabla,Única,No aplica,"Requiere la composición demográfica interna del subgrupo de exposición, que el informe no publica; para no encadenar dos inferencias porcentuales independientes se deja la Base y el N en blanco (ver metodología en el brief)."
553,Regulación y prevención,Conocimiento de edad mínima legal,Conocimiento de que existe una edad mínima legal para apostar,Sí,Edad,16 años (No participa ni conoce a alguien),59,,,34,Tabla 11,Tabla,Única,No aplica,"Requiere la composición demográfica interna del subgrupo de exposición, que el informe no publica; para no encadenar dos inferencias porcentuales independientes se deja la Base y el N en blanco (ver metodología en el brief)."
554,Regulación y prevención,Conocimiento de edad mínima legal,Conocimiento de que existe una edad mínima legal para apostar,Sí,Edad,17 años (Participa en apuestas),70,,,34,Tabla 11,Tabla,Única,No aplica,"Requiere la composición demográfica interna del subgrupo de exposición, que el informe no publica; para no encadenar dos inferencias porcentuales independientes se deja la Base y el N en blanco (ver metodología en el brief)."
555,Regulación y prevención,Conocimiento de edad mínima legal,Conocimiento de que existe una edad mínima legal para apostar,Sí,Edad,17 años (Conoce a alguien),62,,,34,Tabla 11,Tabla,Única,No aplica,"Requiere la composición demográfica interna del subgrupo de exposición, que el informe no publica; para no encadenar dos inferencias porcentuales independientes se deja la Base y el N en blanco (ver metodología en el brief)."
556,Regulación y prevención,Conocimiento de edad mínima legal,Conocimiento de que existe una edad mínima legal para apostar,Sí,Edad,17 años (No participa ni conoce a alguien),63,,,34,Tabla 11,Tabla,Única,No aplica,"Requiere la composición demográfica interna del subgrupo de exposición, que el informe no publica; para no encadenar dos inferencias porcentuales independientes se deja la Base y el N en blanco (ver metodología en el brief)."
557,Regulación y prevención,Conocimiento de edad mínima legal,Conocimiento de que existe una edad mínima legal para apostar,Sí,Edad,18 años (Participa en apuestas),72,,,34,Tabla 11,Tabla,Única,No aplica,"Requiere la composición demográfica interna del subgrupo de exposición, que el informe no publica; para no encadenar dos inferencias porcentuales independientes se deja la Base y el N en blanco (ver metodología en el brief)."
558,Regulación y prevención,Conocimiento de edad mínima legal,Conocimiento de que existe una edad mínima legal para apostar,Sí,Edad,18 años (Conoce a alguien),63,,,34,Tabla 11,Tabla,Única,No aplica,"Requiere la composición demográfica interna del subgrupo de exposición, que el informe no publica; para no encadenar dos inferencias porcentuales independientes se deja la Base y el N en blanco (ver metodología en el brief)."
559,Regulación y prevención,Conocimiento de edad mínima legal,Conocimiento de que existe una edad mínima legal para apostar,Sí,Edad,18 años (No participa ni conoce a alguien),67,,,34,Tabla 11,Tabla,Única,No aplica,"Requiere la composición demográfica interna del subgrupo de exposición, que el informe no publica; para no encadenar dos inferencias porcentuales independientes se deja la Base y el N en blanco (ver metodología en el brief)."
560,Regulación y prevención,Conocimiento de edad mínima legal,Conocimiento de que existe una edad mínima legal para apostar,Sí,Región,AMBA (Participa en apuestas),78,,,35,Tabla 12,Tabla,Única,No aplica,"Requiere la composición demográfica interna del subgrupo de exposición, que el informe no publica; para no encadenar dos inferencias porcentuales independientes se deja la Base y el N en blanco (ver metodología en el brief)."
561,Regulación y prevención,Conocimiento de edad mínima legal,Conocimiento de que existe una edad mínima legal para apostar,Sí,Región,AMBA (Conoce a alguien),59,,,35,Tabla 12,Tabla,Única,No aplica,"Requiere la composición demográfica interna del subgrupo de exposición, que el informe no publica; para no encadenar dos inferencias porcentuales independientes se deja la Base y el N en blanco (ver metodología en el brief)."
562,Regulación y prevención,Conocimiento de edad mínima legal,Conocimiento de que existe una edad mínima legal para apostar,Sí,Región,AMBA (No participa ni conoce a alguien),66,,,35,Tabla 12,Tabla,Única,No aplica,"Requiere la composición demográfica interna del subgrupo de exposición, que el informe no publica; para no encadenar dos inferencias porcentuales independientes se deja la Base y el N en blanco (ver metodología en el brief)."
563,Regulación y prevención,Conocimiento de edad mínima legal,Conocimiento de que existe una edad mínima legal para apostar,Sí,Región,Centro (Participa en apuestas),68,,,35,Tabla 12,Tabla,Única,No aplica,"Requiere la composición demográfica interna del subgrupo de exposición, que el informe no publica; para no encadenar dos inferencias porcentuales independientes se deja la Base y el N en blanco (ver metodología en el brief)."
564,Regulación y prevención,Conocimiento de edad mínima legal,Conocimiento de que existe una edad mínima legal para apostar,Sí,Región,Centro (Conoce a alguien),62,,,35,Tabla 12,Tabla,Única,No aplica,"Requiere la composición demográfica interna del subgrupo de exposición, que el informe no publica; para no encadenar dos inferencias porcentuales independientes se deja la Base y el N en blanco (ver metodología en el brief)."
565,Regulación y prevención,Conocimiento de edad mínima legal,Conocimiento de que existe una edad mínima legal para apostar,Sí,Región,Centro (No participa ni conoce a alguien),63,,,35,Tabla 12,Tabla,Única,No aplica,"Requiere la composición demográfica interna del subgrupo de exposición, que el informe no publica; para no encadenar dos inferencias porcentuales independientes se deja la Base y el N en blanco (ver metodología en el brief)."
566,Regulación y prevención,Conocimiento de edad mínima legal,Conocimiento de que existe una edad mínima legal para apostar,Sí,Región,Cuyo (Participa en apuestas),66,,,35,Tabla 12,Tabla,Única,No aplica,"Requiere la composición demográfica interna del subgrupo de exposición, que el informe no publica; para no encadenar dos inferencias porcentuales independientes se deja la Base y el N en blanco (ver metodología en el brief)."
567,Regulación y prevención,Conocimiento de edad mínima legal,Conocimiento de que existe una edad mínima legal para apostar,Sí,Región,Cuyo (Conoce a alguien),66,,,35,Tabla 12,Tabla,Única,No aplica,"Requiere la composición demográfica interna del subgrupo de exposición, que el informe no publica; para no encadenar dos inferencias porcentuales independientes se deja la Base y el N en blanco (ver metodología en el brief)."
568,Regulación y prevención,Conocimiento de edad mínima legal,Conocimiento de que existe una edad mínima legal para apostar,Sí,Región,Cuyo (No participa ni conoce a alguien),65,,,35,Tabla 12,Tabla,Única,No aplica,"Requiere la composición demográfica interna del subgrupo de exposición, que el informe no publica; para no encadenar dos inferencias porcentuales independientes se deja la Base y el N en blanco (ver metodología en el brief)."
569,Regulación y prevención,Conocimiento de edad mínima legal,Conocimiento de que existe una edad mínima legal para apostar,Sí,Región,NEA (Participa en apuestas),63,,,35,Tabla 12,Tabla,Única,No aplica,"Requiere la composición demográfica interna del subgrupo de exposición, que el informe no publica; para no encadenar dos inferencias porcentuales independientes se deja la Base y el N en blanco (ver metodología en el brief)."
570,Regulación y prevención,Conocimiento de edad mínima legal,Conocimiento de que existe una edad mínima legal para apostar,Sí,Región,NEA (Conoce a alguien),59,,,35,Tabla 12,Tabla,Única,No aplica,"Requiere la composición demográfica interna del subgrupo de exposición, que el informe no publica; para no encadenar dos inferencias porcentuales independientes se deja la Base y el N en blanco (ver metodología en el brief)."
571,Regulación y prevención,Conocimiento de edad mínima legal,Conocimiento de que existe una edad mínima legal para apostar,Sí,Región,NEA (No participa ni conoce a alguien),63,,,35,Tabla 12,Tabla,Única,No aplica,"Requiere la composición demográfica interna del subgrupo de exposición, que el informe no publica; para no encadenar dos inferencias porcentuales independientes se deja la Base y el N en blanco (ver metodología en el brief)."
572,Regulación y prevención,Conocimiento de edad mínima legal,Conocimiento de que existe una edad mínima legal para apostar,Sí,Región,NOA (Participa en apuestas),60,,,35,Tabla 12,Tabla,Única,No aplica,"Requiere la composición demográfica interna del subgrupo de exposición, que el informe no publica; para no encadenar dos inferencias porcentuales independientes se deja la Base y el N en blanco (ver metodología en el brief)."
573,Regulación y prevención,Conocimiento de edad mínima legal,Conocimiento de que existe una edad mínima legal para apostar,Sí,Región,NOA (Conoce a alguien),61,,,35,Tabla 12,Tabla,Única,No aplica,"Requiere la composición demográfica interna del subgrupo de exposición, que el informe no publica; para no encadenar dos inferencias porcentuales independientes se deja la Base y el N en blanco (ver metodología en el brief)."
574,Regulación y prevención,Conocimiento de edad mínima legal,Conocimiento de que existe una edad mínima legal para apostar,Sí,Región,NOA (No participa ni conoce a alguien),60,,,35,Tabla 12,Tabla,Única,No aplica,"Requiere la composición demográfica interna del subgrupo de exposición, que el informe no publica; para no encadenar dos inferencias porcentuales independientes se deja la Base y el N en blanco (ver metodología en el brief)."
575,Regulación y prevención,Conocimiento de edad mínima legal,Conocimiento de que existe una edad mínima legal para apostar,Sí,Región,Patagonia (Participa en apuestas),52,,,35,Tabla 12,Tabla,Única,No aplica,"Requiere la composición demográfica interna del subgrupo de exposición, que el informe no publica; para no encadenar dos inferencias porcentuales independientes se deja la Base y el N en blanco (ver metodología en el brief)."
576,Regulación y prevención,Conocimiento de edad mínima legal,Conocimiento de que existe una edad mínima legal para apostar,Sí,Región,Patagonia (Conoce a alguien),60,,,35,Tabla 12,Tabla,Única,No aplica,"Requiere la composición demográfica interna del subgrupo de exposición, que el informe no publica; para no encadenar dos inferencias porcentuales independientes se deja la Base y el N en blanco (ver metodología en el brief)."
577,Regulación y prevención,Conocimiento de edad mínima legal,Conocimiento de que existe una edad mínima legal para apostar,Sí,Región,Patagonia (No participa ni conoce a alguien),68,,,35,Tabla 12,Tabla,Única,No aplica,"Requiere la composición demográfica interna del subgrupo de exposición, que el informe no publica; para no encadenar dos inferencias porcentuales independientes se deja la Base y el N en blanco (ver metodología en el brief)."
578,Regulación y prevención,Conocimiento de edad mínima legal,Edad mínima legal identificada (entre quienes saben que existe una),18 años (Participa en apuestas),Total,,84,,,35,,Texto,Única,No aplica,"Base: subgrupo que respondió que sí existe una edad mínima; no se infiere N. Otras opciones marginales, ≤5% cada una."
579,Regulación y prevención,Conocimiento de edad mínima legal,Edad mínima legal identificada (entre quienes saben que existe una),18 años (Conoce a alguien),Total,,85,,,35,,Texto,Única,No aplica,"Base: subgrupo que respondió que sí existe una edad mínima; no se infiere N. Otras opciones marginales, ≤5% cada una."
580,Regulación y prevención,Conocimiento de edad mínima legal,Edad mínima legal identificada (entre quienes saben que existe una),18 años (No participa ni conoce),Total,,86,,,35,,Texto,Única,No aplica,"Base: subgrupo que respondió que sí existe una edad mínima; no se infiere N. Otras opciones marginales, ≤5% cada una."
581,Regulación y prevención,Facilidad de acceso,Percepción de facilidad de acceso a las apuestas online,Muy fácil,Tipo de exposición,Participa en apuestas,58,1827,1060,36,Gráfico 13,Gráfico,Única,Inferida,
582,Regulación y prevención,Facilidad de acceso,Percepción de facilidad de acceso a las apuestas online,Fácil,Tipo de exposición,Participa en apuestas,35,1827,639,36,Gráfico 13,Gráfico,Única,Inferida,
583,Regulación y prevención,Facilidad de acceso,Percepción de facilidad de acceso a las apuestas online,Poco fácil,Tipo de exposición,Participa en apuestas,6,1827,110,36,Gráfico 13,Gráfico,Única,Inferida,
584,Regulación y prevención,Facilidad de acceso,Percepción de facilidad de acceso a las apuestas online,Nada fácil,Tipo de exposición,Participa en apuestas,1,1827,18,36,Gráfico 13,Gráfico,Única,Inferida,
585,Regulación y prevención,Facilidad de acceso,Percepción de facilidad de acceso a las apuestas online,Muy fácil,Tipo de exposición,Conoce a alguien,54,5139,2775,36,Gráfico 13,Gráfico,Única,Inferida,
586,Regulación y prevención,Facilidad de acceso,Percepción de facilidad de acceso a las apuestas online,Fácil,Tipo de exposición,Conoce a alguien,39,5139,2004,36,Gráfico 13,Gráfico,Única,Inferida,
587,Regulación y prevención,Facilidad de acceso,Percepción de facilidad de acceso a las apuestas online,Poco fácil,Tipo de exposición,Conoce a alguien,7,5139,360,36,Gráfico 13,Gráfico,Única,Inferida,
588,Regulación y prevención,Facilidad de acceso,Percepción de facilidad de acceso a las apuestas online,Nada fácil,Tipo de exposición,Conoce a alguien,0,5139,0,36,Gráfico 13,Gráfico,Única,Inferida,
589,Regulación y prevención,Facilidad de acceso,Percepción de facilidad de acceso a las apuestas online,Muy fácil,Tipo de exposición,No participa ni conoce a alguien,39,3084,1203,36,Gráfico 13,Gráfico,Única,Inferida,
590,Regulación y prevención,Facilidad de acceso,Percepción de facilidad de acceso a las apuestas online,Fácil,Tipo de exposición,No participa ni conoce a alguien,42,3084,1295,36,Gráfico 13,Gráfico,Única,Inferida,
591,Regulación y prevención,Facilidad de acceso,Percepción de facilidad de acceso a las apuestas online,Poco fácil,Tipo de exposición,No participa ni conoce a alguien,14,3084,432,36,Gráfico 13,Gráfico,Única,Inferida,
592,Regulación y prevención,Facilidad de acceso,Percepción de facilidad de acceso a las apuestas online,Nada fácil,Tipo de exposición,No participa ni conoce a alguien,4,3084,123,36,Gráfico 13,Gráfico,Única,Inferida,
593,Regulación y prevención,Facilidad de acceso,Percepción de facilidad de acceso a las apuestas online,Muy fácil,Género,Mujeres (Participa en apuestas),44,,,36,Tabla 13,Tabla,Única,No aplica,"Requiere la composición demográfica interna del subgrupo de exposición, que el informe no publica; para no encadenar dos inferencias porcentuales independientes se deja la Base y el N en blanco (ver metodología en el brief)."
594,Regulación y prevención,Facilidad de acceso,Percepción de facilidad de acceso a las apuestas online,Fácil,Género,Mujeres (Participa en apuestas),45,,,36,Tabla 13,Tabla,Única,No aplica,"Requiere la composición demográfica interna del subgrupo de exposición, que el informe no publica; para no encadenar dos inferencias porcentuales independientes se deja la Base y el N en blanco (ver metodología en el brief)."
595,Regulación y prevención,Facilidad de acceso,Percepción de facilidad de acceso a las apuestas online,Poco fácil,Género,Mujeres (Participa en apuestas),9,,,36,Tabla 13,Tabla,Única,No aplica,"Requiere la composición demográfica interna del subgrupo de exposición, que el informe no publica; para no encadenar dos inferencias porcentuales independientes se deja la Base y el N en blanco (ver metodología en el brief)."
596,Regulación y prevención,Facilidad de acceso,Percepción de facilidad de acceso a las apuestas online,Nada fácil,Género,Mujeres (Participa en apuestas),1,,,36,Tabla 13,Tabla,Única,No aplica,"Requiere la composición demográfica interna del subgrupo de exposición, que el informe no publica; para no encadenar dos inferencias porcentuales independientes se deja la Base y el N en blanco (ver metodología en el brief)."
597,Regulación y prevención,Facilidad de acceso,Percepción de facilidad de acceso a las apuestas online,Muy fácil,Género,Varones (Participa en apuestas),63,,,36,Tabla 13,Tabla,Única,No aplica,"Requiere la composición demográfica interna del subgrupo de exposición, que el informe no publica; para no encadenar dos inferencias porcentuales independientes se deja la Base y el N en blanco (ver metodología en el brief)."
598,Regulación y prevención,Facilidad de acceso,Percepción de facilidad de acceso a las apuestas online,Fácil,Género,Varones (Participa en apuestas),31,,,36,Tabla 13,Tabla,Única,No aplica,"Requiere la composición demográfica interna del subgrupo de exposición, que el informe no publica; para no encadenar dos inferencias porcentuales independientes se deja la Base y el N en blanco (ver metodología en el brief)."
599,Regulación y prevención,Facilidad de acceso,Percepción de facilidad de acceso a las apuestas online,Poco fácil,Género,Varones (Participa en apuestas),5,,,36,Tabla 13,Tabla,Única,No aplica,"Requiere la composición demográfica interna del subgrupo de exposición, que el informe no publica; para no encadenar dos inferencias porcentuales independientes se deja la Base y el N en blanco (ver metodología en el brief)."
600,Regulación y prevención,Facilidad de acceso,Percepción de facilidad de acceso a las apuestas online,Nada fácil,Género,Varones (Participa en apuestas),1,,,36,Tabla 13,Tabla,Única,No aplica,"Requiere la composición demográfica interna del subgrupo de exposición, que el informe no publica; para no encadenar dos inferencias porcentuales independientes se deja la Base y el N en blanco (ver metodología en el brief)."
601,Regulación y prevención,Facilidad de acceso,Percepción de facilidad de acceso a las apuestas online,Muy fácil,Edad,13 años (Participa en apuestas),49,,,36,Tabla 13,Tabla,Única,No aplica,"Requiere la composición demográfica interna del subgrupo de exposición, que el informe no publica; para no encadenar dos inferencias porcentuales independientes se deja la Base y el N en blanco (ver metodología en el brief)."
602,Regulación y prevención,Facilidad de acceso,Percepción de facilidad de acceso a las apuestas online,Fácil,Edad,13 años (Participa en apuestas),32,,,36,Tabla 13,Tabla,Única,No aplica,"Requiere la composición demográfica interna del subgrupo de exposición, que el informe no publica; para no encadenar dos inferencias porcentuales independientes se deja la Base y el N en blanco (ver metodología en el brief)."
603,Regulación y prevención,Facilidad de acceso,Percepción de facilidad de acceso a las apuestas online,Poco fácil,Edad,13 años (Participa en apuestas),15,,,36,Tabla 13,Tabla,Única,No aplica,"Requiere la composición demográfica interna del subgrupo de exposición, que el informe no publica; para no encadenar dos inferencias porcentuales independientes se deja la Base y el N en blanco (ver metodología en el brief)."
604,Regulación y prevención,Facilidad de acceso,Percepción de facilidad de acceso a las apuestas online,Nada fácil,Edad,13 años (Participa en apuestas),4,,,36,Tabla 13,Tabla,Única,No aplica,"Requiere la composición demográfica interna del subgrupo de exposición, que el informe no publica; para no encadenar dos inferencias porcentuales independientes se deja la Base y el N en blanco (ver metodología en el brief)."
605,Regulación y prevención,Facilidad de acceso,Percepción de facilidad de acceso a las apuestas online,Muy fácil,Edad,14 años (Participa en apuestas),55,,,36,Tabla 13,Tabla,Única,No aplica,"Requiere la composición demográfica interna del subgrupo de exposición, que el informe no publica; para no encadenar dos inferencias porcentuales independientes se deja la Base y el N en blanco (ver metodología en el brief)."
606,Regulación y prevención,Facilidad de acceso,Percepción de facilidad de acceso a las apuestas online,Fácil,Edad,14 años (Participa en apuestas),31,,,36,Tabla 13,Tabla,Única,No aplica,"Requiere la composición demográfica interna del subgrupo de exposición, que el informe no publica; para no encadenar dos inferencias porcentuales independientes se deja la Base y el N en blanco (ver metodología en el brief)."
607,Regulación y prevención,Facilidad de acceso,Percepción de facilidad de acceso a las apuestas online,Poco fácil,Edad,14 años (Participa en apuestas),12,,,36,Tabla 13,Tabla,Única,No aplica,"Requiere la composición demográfica interna del subgrupo de exposición, que el informe no publica; para no encadenar dos inferencias porcentuales independientes se deja la Base y el N en blanco (ver metodología en el brief)."
608,Regulación y prevención,Facilidad de acceso,Percepción de facilidad de acceso a las apuestas online,Nada fácil,Edad,14 años (Participa en apuestas),2,,,36,Tabla 13,Tabla,Única,No aplica,"Requiere la composición demográfica interna del subgrupo de exposición, que el informe no publica; para no encadenar dos inferencias porcentuales independientes se deja la Base y el N en blanco (ver metodología en el brief)."
609,Regulación y prevención,Facilidad de acceso,Percepción de facilidad de acceso a las apuestas online,Muy fácil,Edad,15 años (Participa en apuestas),61,,,36,Tabla 13,Tabla,Única,No aplica,"Requiere la composición demográfica interna del subgrupo de exposición, que el informe no publica; para no encadenar dos inferencias porcentuales independientes se deja la Base y el N en blanco (ver metodología en el brief)."
610,Regulación y prevención,Facilidad de acceso,Percepción de facilidad de acceso a las apuestas online,Fácil,Edad,15 años (Participa en apuestas),30,,,36,Tabla 13,Tabla,Única,No aplica,"Requiere la composición demográfica interna del subgrupo de exposición, que el informe no publica; para no encadenar dos inferencias porcentuales independientes se deja la Base y el N en blanco (ver metodología en el brief)."
611,Regulación y prevención,Facilidad de acceso,Percepción de facilidad de acceso a las apuestas online,Poco fácil,Edad,15 años (Participa en apuestas),9,,,36,Tabla 13,Tabla,Única,No aplica,"Requiere la composición demográfica interna del subgrupo de exposición, que el informe no publica; para no encadenar dos inferencias porcentuales independientes se deja la Base y el N en blanco (ver metodología en el brief)."
612,Regulación y prevención,Facilidad de acceso,Percepción de facilidad de acceso a las apuestas online,Nada fácil,Edad,15 años (Participa en apuestas),0,,,36,Tabla 13,Tabla,Única,No aplica,"Requiere la composición demográfica interna del subgrupo de exposición, que el informe no publica; para no encadenar dos inferencias porcentuales independientes se deja la Base y el N en blanco (ver metodología en el brief)."
613,Regulación y prevención,Facilidad de acceso,Percepción de facilidad de acceso a las apuestas online,Muy fácil,Edad,16 años (Participa en apuestas),67,,,36,Tabla 13,Tabla,Única,No aplica,"Requiere la composición demográfica interna del subgrupo de exposición, que el informe no publica; para no encadenar dos inferencias porcentuales independientes se deja la Base y el N en blanco (ver metodología en el brief)."
614,Regulación y prevención,Facilidad de acceso,Percepción de facilidad de acceso a las apuestas online,Fácil,Edad,16 años (Participa en apuestas),30,,,36,Tabla 13,Tabla,Única,No aplica,"Requiere la composición demográfica interna del subgrupo de exposición, que el informe no publica; para no encadenar dos inferencias porcentuales independientes se deja la Base y el N en blanco (ver metodología en el brief)."
615,Regulación y prevención,Facilidad de acceso,Percepción de facilidad de acceso a las apuestas online,Poco fácil,Edad,16 años (Participa en apuestas),3,,,36,Tabla 13,Tabla,Única,No aplica,"Requiere la composición demográfica interna del subgrupo de exposición, que el informe no publica; para no encadenar dos inferencias porcentuales independientes se deja la Base y el N en blanco (ver metodología en el brief)."
616,Regulación y prevención,Facilidad de acceso,Percepción de facilidad de acceso a las apuestas online,Nada fácil,Edad,16 años (Participa en apuestas),0,,,36,Tabla 13,Tabla,Única,No aplica,"Requiere la composición demográfica interna del subgrupo de exposición, que el informe no publica; para no encadenar dos inferencias porcentuales independientes se deja la Base y el N en blanco (ver metodología en el brief)."
617,Regulación y prevención,Facilidad de acceso,Percepción de facilidad de acceso a las apuestas online,Muy fácil,Edad,17 años (Participa en apuestas),56,,,36,Tabla 13,Tabla,Única,No aplica,"Requiere la composición demográfica interna del subgrupo de exposición, que el informe no publica; para no encadenar dos inferencias porcentuales independientes se deja la Base y el N en blanco (ver metodología en el brief)."
618,Regulación y prevención,Facilidad de acceso,Percepción de facilidad de acceso a las apuestas online,Fácil,Edad,17 años (Participa en apuestas),39,,,36,Tabla 13,Tabla,Única,No aplica,"Requiere la composición demográfica interna del subgrupo de exposición, que el informe no publica; para no encadenar dos inferencias porcentuales independientes se deja la Base y el N en blanco (ver metodología en el brief)."
619,Regulación y prevención,Facilidad de acceso,Percepción de facilidad de acceso a las apuestas online,Poco fácil,Edad,17 años (Participa en apuestas),3,,,36,Tabla 13,Tabla,Única,No aplica,"Requiere la composición demográfica interna del subgrupo de exposición, que el informe no publica; para no encadenar dos inferencias porcentuales independientes se deja la Base y el N en blanco (ver metodología en el brief)."
620,Regulación y prevención,Facilidad de acceso,Percepción de facilidad de acceso a las apuestas online,Nada fácil,Edad,17 años (Participa en apuestas),1,,,36,Tabla 13,Tabla,Única,No aplica,"Requiere la composición demográfica interna del subgrupo de exposición, que el informe no publica; para no encadenar dos inferencias porcentuales independientes se deja la Base y el N en blanco (ver metodología en el brief)."
621,Regulación y prevención,Facilidad de acceso,Percepción de facilidad de acceso a las apuestas online,Muy fácil,Edad,18 años (Participa en apuestas),51,,,36,Tabla 13,Tabla,Única,No aplica,"Requiere la composición demográfica interna del subgrupo de exposición, que el informe no publica; para no encadenar dos inferencias porcentuales independientes se deja la Base y el N en blanco (ver metodología en el brief)."
622,Regulación y prevención,Facilidad de acceso,Percepción de facilidad de acceso a las apuestas online,Fácil,Edad,18 años (Participa en apuestas),43,,,36,Tabla 13,Tabla,Única,No aplica,"Requiere la composición demográfica interna del subgrupo de exposición, que el informe no publica; para no encadenar dos inferencias porcentuales independientes se deja la Base y el N en blanco (ver metodología en el brief)."
623,Regulación y prevención,Facilidad de acceso,Percepción de facilidad de acceso a las apuestas online,Poco fácil,Edad,18 años (Participa en apuestas),3,,,36,Tabla 13,Tabla,Única,No aplica,"Requiere la composición demográfica interna del subgrupo de exposición, que el informe no publica; para no encadenar dos inferencias porcentuales independientes se deja la Base y el N en blanco (ver metodología en el brief)."
624,Regulación y prevención,Facilidad de acceso,Percepción de facilidad de acceso a las apuestas online,Nada fácil,Edad,18 años (Participa en apuestas),3,,,36,Tabla 13,Tabla,Única,No aplica,"Requiere la composición demográfica interna del subgrupo de exposición, que el informe no publica; para no encadenar dos inferencias porcentuales independientes se deja la Base y el N en blanco (ver metodología en el brief)."
625,Regulación y prevención,Facilidad de acceso,Percepción de facilidad de acceso a las apuestas online,Muy fácil,Género,Mujeres (Conoce a alguien),56,,,36,Tabla 13,Tabla,Única,No aplica,"Requiere la composición demográfica interna del subgrupo de exposición, que el informe no publica; para no encadenar dos inferencias porcentuales independientes se deja la Base y el N en blanco (ver metodología en el brief)."
626,Regulación y prevención,Facilidad de acceso,Percepción de facilidad de acceso a las apuestas online,Fácil,Género,Mujeres (Conoce a alguien),37,,,36,Tabla 13,Tabla,Única,No aplica,"Requiere la composición demográfica interna del subgrupo de exposición, que el informe no publica; para no encadenar dos inferencias porcentuales independientes se deja la Base y el N en blanco (ver metodología en el brief)."
627,Regulación y prevención,Facilidad de acceso,Percepción de facilidad de acceso a las apuestas online,Poco fácil,Género,Mujeres (Conoce a alguien),6,,,36,Tabla 13,Tabla,Única,No aplica,"Requiere la composición demográfica interna del subgrupo de exposición, que el informe no publica; para no encadenar dos inferencias porcentuales independientes se deja la Base y el N en blanco (ver metodología en el brief)."
628,Regulación y prevención,Facilidad de acceso,Percepción de facilidad de acceso a las apuestas online,Nada fácil,Género,Mujeres (Conoce a alguien),1,,,36,Tabla 13,Tabla,Única,No aplica,"Requiere la composición demográfica interna del subgrupo de exposición, que el informe no publica; para no encadenar dos inferencias porcentuales independientes se deja la Base y el N en blanco (ver metodología en el brief)."
629,Regulación y prevención,Facilidad de acceso,Percepción de facilidad de acceso a las apuestas online,Muy fácil,Género,Varones (Conoce a alguien),51,,,36,Tabla 13,Tabla,Única,No aplica,"Requiere la composición demográfica interna del subgrupo de exposición, que el informe no publica; para no encadenar dos inferencias porcentuales independientes se deja la Base y el N en blanco (ver metodología en el brief)."
630,Regulación y prevención,Facilidad de acceso,Percepción de facilidad de acceso a las apuestas online,Fácil,Género,Varones (Conoce a alguien),41,,,36,Tabla 13,Tabla,Única,No aplica,"Requiere la composición demográfica interna del subgrupo de exposición, que el informe no publica; para no encadenar dos inferencias porcentuales independientes se deja la Base y el N en blanco (ver metodología en el brief)."
631,Regulación y prevención,Facilidad de acceso,Percepción de facilidad de acceso a las apuestas online,Poco fácil,Género,Varones (Conoce a alguien),7,,,36,Tabla 13,Tabla,Única,No aplica,"Requiere la composición demográfica interna del subgrupo de exposición, que el informe no publica; para no encadenar dos inferencias porcentuales independientes se deja la Base y el N en blanco (ver metodología en el brief)."
632,Regulación y prevención,Facilidad de acceso,Percepción de facilidad de acceso a las apuestas online,Nada fácil,Género,Varones (Conoce a alguien),1,,,36,Tabla 13,Tabla,Única,No aplica,"Requiere la composición demográfica interna del subgrupo de exposición, que el informe no publica; para no encadenar dos inferencias porcentuales independientes se deja la Base y el N en blanco (ver metodología en el brief)."
633,Regulación y prevención,Facilidad de acceso,Percepción de facilidad de acceso a las apuestas online,Muy fácil,Edad,13 años (Conoce a alguien),44,,,36,Tabla 13,Tabla,Única,No aplica,"Requiere la composición demográfica interna del subgrupo de exposición, que el informe no publica; para no encadenar dos inferencias porcentuales independientes se deja la Base y el N en blanco (ver metodología en el brief)."
634,Regulación y prevención,Facilidad de acceso,Percepción de facilidad de acceso a las apuestas online,Fácil,Edad,13 años (Conoce a alguien),36,,,36,Tabla 13,Tabla,Única,No aplica,"Requiere la composición demográfica interna del subgrupo de exposición, que el informe no publica; para no encadenar dos inferencias porcentuales independientes se deja la Base y el N en blanco (ver metodología en el brief)."
635,Regulación y prevención,Facilidad de acceso,Percepción de facilidad de acceso a las apuestas online,Poco fácil,Edad,13 años (Conoce a alguien),17,,,36,Tabla 13,Tabla,Única,No aplica,"Requiere la composición demográfica interna del subgrupo de exposición, que el informe no publica; para no encadenar dos inferencias porcentuales independientes se deja la Base y el N en blanco (ver metodología en el brief)."
636,Regulación y prevención,Facilidad de acceso,Percepción de facilidad de acceso a las apuestas online,Nada fácil,Edad,13 años (Conoce a alguien),2,,,36,Tabla 13,Tabla,Única,No aplica,"Requiere la composición demográfica interna del subgrupo de exposición, que el informe no publica; para no encadenar dos inferencias porcentuales independientes se deja la Base y el N en blanco (ver metodología en el brief)."
637,Regulación y prevención,Facilidad de acceso,Percepción de facilidad de acceso a las apuestas online,Muy fácil,Edad,14 años (Conoce a alguien),46,,,36,Tabla 13,Tabla,Única,No aplica,"Requiere la composición demográfica interna del subgrupo de exposición, que el informe no publica; para no encadenar dos inferencias porcentuales independientes se deja la Base y el N en blanco (ver metodología en el brief)."
638,Regulación y prevención,Facilidad de acceso,Percepción de facilidad de acceso a las apuestas online,Fácil,Edad,14 años (Conoce a alguien),45,,,36,Tabla 13,Tabla,Única,No aplica,"Requiere la composición demográfica interna del subgrupo de exposición, que el informe no publica; para no encadenar dos inferencias porcentuales independientes se deja la Base y el N en blanco (ver metodología en el brief)."
639,Regulación y prevención,Facilidad de acceso,Percepción de facilidad de acceso a las apuestas online,Poco fácil,Edad,14 años (Conoce a alguien),9,,,36,Tabla 13,Tabla,Única,No aplica,"Requiere la composición demográfica interna del subgrupo de exposición, que el informe no publica; para no encadenar dos inferencias porcentuales independientes se deja la Base y el N en blanco (ver metodología en el brief)."
640,Regulación y prevención,Facilidad de acceso,Percepción de facilidad de acceso a las apuestas online,Nada fácil,Edad,14 años (Conoce a alguien),1,,,36,Tabla 13,Tabla,Única,No aplica,"Requiere la composición demográfica interna del subgrupo de exposición, que el informe no publica; para no encadenar dos inferencias porcentuales independientes se deja la Base y el N en blanco (ver metodología en el brief)."
641,Regulación y prevención,Facilidad de acceso,Percepción de facilidad de acceso a las apuestas online,Muy fácil,Edad,15 años (Conoce a alguien),47,,,36,Tabla 13,Tabla,Única,No aplica,"Requiere la composición demográfica interna del subgrupo de exposición, que el informe no publica; para no encadenar dos inferencias porcentuales independientes se deja la Base y el N en blanco (ver metodología en el brief)."
642,Regulación y prevención,Facilidad de acceso,Percepción de facilidad de acceso a las apuestas online,Fácil,Edad,15 años (Conoce a alguien),46,,,36,Tabla 13,Tabla,Única,No aplica,"Requiere la composición demográfica interna del subgrupo de exposición, que el informe no publica; para no encadenar dos inferencias porcentuales independientes se deja la Base y el N en blanco (ver metodología en el brief)."
643,Regulación y prevención,Facilidad de acceso,Percepción de facilidad de acceso a las apuestas online,Poco fácil,Edad,15 años (Conoce a alguien),5,,,36,Tabla 13,Tabla,Única,No aplica,"Requiere la composición demográfica interna del subgrupo de exposición, que el informe no publica; para no encadenar dos inferencias porcentuales independientes se deja la Base y el N en blanco (ver metodología en el brief)."
644,Regulación y prevención,Facilidad de acceso,Percepción de facilidad de acceso a las apuestas online,Nada fácil,Edad,15 años (Conoce a alguien),1,,,36,Tabla 13,Tabla,Única,No aplica,"Requiere la composición demográfica interna del subgrupo de exposición, que el informe no publica; para no encadenar dos inferencias porcentuales independientes se deja la Base y el N en blanco (ver metodología en el brief)."
645,Regulación y prevención,Facilidad de acceso,Percepción de facilidad de acceso a las apuestas online,Muy fácil,Edad,16 años (Conoce a alguien),63,,,36,Tabla 13,Tabla,Única,No aplica,"Requiere la composición demográfica interna del subgrupo de exposición, que el informe no publica; para no encadenar dos inferencias porcentuales independientes se deja la Base y el N en blanco (ver metodología en el brief)."
646,Regulación y prevención,Facilidad de acceso,Percepción de facilidad de acceso a las apuestas online,Fácil,Edad,16 años (Conoce a alguien),32,,,36,Tabla 13,Tabla,Única,No aplica,"Requiere la composición demográfica interna del subgrupo de exposición, que el informe no publica; para no encadenar dos inferencias porcentuales independientes se deja la Base y el N en blanco (ver metodología en el brief)."
647,Regulación y prevención,Facilidad de acceso,Percepción de facilidad de acceso a las apuestas online,Poco fácil,Edad,16 años (Conoce a alguien),4,,,36,Tabla 13,Tabla,Única,No aplica,"Requiere la composición demográfica interna del subgrupo de exposición, que el informe no publica; para no encadenar dos inferencias porcentuales independientes se deja la Base y el N en blanco (ver metodología en el brief)."
648,Regulación y prevención,Facilidad de acceso,Percepción de facilidad de acceso a las apuestas online,Nada fácil,Edad,16 años (Conoce a alguien),1,,,36,Tabla 13,Tabla,Única,No aplica,"Requiere la composición demográfica interna del subgrupo de exposición, que el informe no publica; para no encadenar dos inferencias porcentuales independientes se deja la Base y el N en blanco (ver metodología en el brief)."
649,Regulación y prevención,Facilidad de acceso,Percepción de facilidad de acceso a las apuestas online,Muy fácil,Edad,17 años (Conoce a alguien),59,,,36,Tabla 13,Tabla,Única,No aplica,"Requiere la composición demográfica interna del subgrupo de exposición, que el informe no publica; para no encadenar dos inferencias porcentuales independientes se deja la Base y el N en blanco (ver metodología en el brief)."
650,Regulación y prevención,Facilidad de acceso,Percepción de facilidad de acceso a las apuestas online,Fácil,Edad,17 años (Conoce a alguien),37,,,36,Tabla 13,Tabla,Única,No aplica,"Requiere la composición demográfica interna del subgrupo de exposición, que el informe no publica; para no encadenar dos inferencias porcentuales independientes se deja la Base y el N en blanco (ver metodología en el brief)."
651,Regulación y prevención,Facilidad de acceso,Percepción de facilidad de acceso a las apuestas online,Poco fácil,Edad,17 años (Conoce a alguien),3,,,36,Tabla 13,Tabla,Única,No aplica,"Requiere la composición demográfica interna del subgrupo de exposición, que el informe no publica; para no encadenar dos inferencias porcentuales independientes se deja la Base y el N en blanco (ver metodología en el brief)."
652,Regulación y prevención,Facilidad de acceso,Percepción de facilidad de acceso a las apuestas online,Nada fácil,Edad,17 años (Conoce a alguien),1,,,36,Tabla 13,Tabla,Única,No aplica,"Requiere la composición demográfica interna del subgrupo de exposición, que el informe no publica; para no encadenar dos inferencias porcentuales independientes se deja la Base y el N en blanco (ver metodología en el brief)."
653,Regulación y prevención,Facilidad de acceso,Percepción de facilidad de acceso a las apuestas online,Muy fácil,Edad,18 años (Conoce a alguien),59,,,36,Tabla 13,Tabla,Única,No aplica,"Requiere la composición demográfica interna del subgrupo de exposición, que el informe no publica; para no encadenar dos inferencias porcentuales independientes se deja la Base y el N en blanco (ver metodología en el brief)."
654,Regulación y prevención,Facilidad de acceso,Percepción de facilidad de acceso a las apuestas online,Fácil,Edad,18 años (Conoce a alguien),35,,,36,Tabla 13,Tabla,Única,No aplica,"Requiere la composición demográfica interna del subgrupo de exposición, que el informe no publica; para no encadenar dos inferencias porcentuales independientes se deja la Base y el N en blanco (ver metodología en el brief)."
655,Regulación y prevención,Facilidad de acceso,Percepción de facilidad de acceso a las apuestas online,Poco fácil,Edad,18 años (Conoce a alguien),6,,,36,Tabla 13,Tabla,Única,No aplica,"Requiere la composición demográfica interna del subgrupo de exposición, que el informe no publica; para no encadenar dos inferencias porcentuales independientes se deja la Base y el N en blanco (ver metodología en el brief)."
656,Regulación y prevención,Facilidad de acceso,Percepción de facilidad de acceso a las apuestas online,Nada fácil,Edad,18 años (Conoce a alguien),0,,,36,Tabla 13,Tabla,Única,No aplica,"Requiere la composición demográfica interna del subgrupo de exposición, que el informe no publica; para no encadenar dos inferencias porcentuales independientes se deja la Base y el N en blanco (ver metodología en el brief)."
657,Regulación y prevención,Facilidad de acceso,Percepción de facilidad de acceso a las apuestas online,Muy fácil,Género,Mujeres (No participa ni conoce a alguien),37,,,36,Tabla 13,Tabla,Única,No aplica,"Requiere la composición demográfica interna del subgrupo de exposición, que el informe no publica; para no encadenar dos inferencias porcentuales independientes se deja la Base y el N en blanco (ver metodología en el brief)."
658,Regulación y prevención,Facilidad de acceso,Percepción de facilidad de acceso a las apuestas online,Fácil,Género,Mujeres (No participa ni conoce a alguien),47,,,36,Tabla 13,Tabla,Única,No aplica,"Requiere la composición demográfica interna del subgrupo de exposición, que el informe no publica; para no encadenar dos inferencias porcentuales independientes se deja la Base y el N en blanco (ver metodología en el brief)."
659,Regulación y prevención,Facilidad de acceso,Percepción de facilidad de acceso a las apuestas online,Poco fácil,Género,Mujeres (No participa ni conoce a alguien),14,,,36,Tabla 13,Tabla,Única,No aplica,"Requiere la composición demográfica interna del subgrupo de exposición, que el informe no publica; para no encadenar dos inferencias porcentuales independientes se deja la Base y el N en blanco (ver metodología en el brief)."
660,Regulación y prevención,Facilidad de acceso,Percepción de facilidad de acceso a las apuestas online,Nada fácil,Género,Mujeres (No participa ni conoce a alguien),2,,,36,Tabla 13,Tabla,Única,No aplica,"Requiere la composición demográfica interna del subgrupo de exposición, que el informe no publica; para no encadenar dos inferencias porcentuales independientes se deja la Base y el N en blanco (ver metodología en el brief)."
661,Regulación y prevención,Facilidad de acceso,Percepción de facilidad de acceso a las apuestas online,Muy fácil,Género,Varones (No participa ni conoce a alguien),42,,,36,Tabla 13,Tabla,Única,No aplica,"Requiere la composición demográfica interna del subgrupo de exposición, que el informe no publica; para no encadenar dos inferencias porcentuales independientes se deja la Base y el N en blanco (ver metodología en el brief)."
662,Regulación y prevención,Facilidad de acceso,Percepción de facilidad de acceso a las apuestas online,Fácil,Género,Varones (No participa ni conoce a alguien),37,,,36,Tabla 13,Tabla,Única,No aplica,"Requiere la composición demográfica interna del subgrupo de exposición, que el informe no publica; para no encadenar dos inferencias porcentuales independientes se deja la Base y el N en blanco (ver metodología en el brief)."
663,Regulación y prevención,Facilidad de acceso,Percepción de facilidad de acceso a las apuestas online,Poco fácil,Género,Varones (No participa ni conoce a alguien),15,,,36,Tabla 13,Tabla,Única,No aplica,"Requiere la composición demográfica interna del subgrupo de exposición, que el informe no publica; para no encadenar dos inferencias porcentuales independientes se deja la Base y el N en blanco (ver metodología en el brief)."
664,Regulación y prevención,Facilidad de acceso,Percepción de facilidad de acceso a las apuestas online,Nada fácil,Género,Varones (No participa ni conoce a alguien),7,,,36,Tabla 13,Tabla,Única,No aplica,"Requiere la composición demográfica interna del subgrupo de exposición, que el informe no publica; para no encadenar dos inferencias porcentuales independientes se deja la Base y el N en blanco (ver metodología en el brief)."
665,Regulación y prevención,Facilidad de acceso,Percepción de facilidad de acceso a las apuestas online,Muy fácil,Edad,13 años (No participa ni conoce a alguien),35,,,36,Tabla 13,Tabla,Única,No aplica,"Requiere la composición demográfica interna del subgrupo de exposición, que el informe no publica; para no encadenar dos inferencias porcentuales independientes se deja la Base y el N en blanco (ver metodología en el brief)."
666,Regulación y prevención,Facilidad de acceso,Percepción de facilidad de acceso a las apuestas online,Fácil,Edad,13 años (No participa ni conoce a alguien),40,,,36,Tabla 13,Tabla,Única,No aplica,"Requiere la composición demográfica interna del subgrupo de exposición, que el informe no publica; para no encadenar dos inferencias porcentuales independientes se deja la Base y el N en blanco (ver metodología en el brief)."
667,Regulación y prevención,Facilidad de acceso,Percepción de facilidad de acceso a las apuestas online,Poco fácil,Edad,13 años (No participa ni conoce a alguien),20,,,36,Tabla 13,Tabla,Única,No aplica,"Requiere la composición demográfica interna del subgrupo de exposición, que el informe no publica; para no encadenar dos inferencias porcentuales independientes se deja la Base y el N en blanco (ver metodología en el brief)."
668,Regulación y prevención,Facilidad de acceso,Percepción de facilidad de acceso a las apuestas online,Nada fácil,Edad,13 años (No participa ni conoce a alguien),5,,,36,Tabla 13,Tabla,Única,No aplica,"Requiere la composición demográfica interna del subgrupo de exposición, que el informe no publica; para no encadenar dos inferencias porcentuales independientes se deja la Base y el N en blanco (ver metodología en el brief)."
669,Regulación y prevención,Facilidad de acceso,Percepción de facilidad de acceso a las apuestas online,Muy fácil,Edad,14 años (No participa ni conoce a alguien),36,,,36,Tabla 13,Tabla,Única,No aplica,"Requiere la composición demográfica interna del subgrupo de exposición, que el informe no publica; para no encadenar dos inferencias porcentuales independientes se deja la Base y el N en blanco (ver metodología en el brief)."
670,Regulación y prevención,Facilidad de acceso,Percepción de facilidad de acceso a las apuestas online,Fácil,Edad,14 años (No participa ni conoce a alguien),46,,,36,Tabla 13,Tabla,Única,No aplica,"Requiere la composición demográfica interna del subgrupo de exposición, que el informe no publica; para no encadenar dos inferencias porcentuales independientes se deja la Base y el N en blanco (ver metodología en el brief)."
671,Regulación y prevención,Facilidad de acceso,Percepción de facilidad de acceso a las apuestas online,Poco fácil,Edad,14 años (No participa ni conoce a alguien),14,,,36,Tabla 13,Tabla,Única,No aplica,"Requiere la composición demográfica interna del subgrupo de exposición, que el informe no publica; para no encadenar dos inferencias porcentuales independientes se deja la Base y el N en blanco (ver metodología en el brief)."
672,Regulación y prevención,Facilidad de acceso,Percepción de facilidad de acceso a las apuestas online,Nada fácil,Edad,14 años (No participa ni conoce a alguien),4,,,36,Tabla 13,Tabla,Única,No aplica,"Requiere la composición demográfica interna del subgrupo de exposición, que el informe no publica; para no encadenar dos inferencias porcentuales independientes se deja la Base y el N en blanco (ver metodología en el brief)."
673,Regulación y prevención,Facilidad de acceso,Percepción de facilidad de acceso a las apuestas online,Muy fácil,Edad,15 años (No participa ni conoce a alguien),41,,,36,Tabla 13,Tabla,Única,No aplica,"Requiere la composición demográfica interna del subgrupo de exposición, que el informe no publica; para no encadenar dos inferencias porcentuales independientes se deja la Base y el N en blanco (ver metodología en el brief)."
674,Regulación y prevención,Facilidad de acceso,Percepción de facilidad de acceso a las apuestas online,Fácil,Edad,15 años (No participa ni conoce a alguien),44,,,36,Tabla 13,Tabla,Única,No aplica,"Requiere la composición demográfica interna del subgrupo de exposición, que el informe no publica; para no encadenar dos inferencias porcentuales independientes se deja la Base y el N en blanco (ver metodología en el brief)."
675,Regulación y prevención,Facilidad de acceso,Percepción de facilidad de acceso a las apuestas online,Poco fácil,Edad,15 años (No participa ni conoce a alguien),12,,,36,Tabla 13,Tabla,Única,No aplica,"Requiere la composición demográfica interna del subgrupo de exposición, que el informe no publica; para no encadenar dos inferencias porcentuales independientes se deja la Base y el N en blanco (ver metodología en el brief)."
676,Regulación y prevención,Facilidad de acceso,Percepción de facilidad de acceso a las apuestas online,Nada fácil,Edad,15 años (No participa ni conoce a alguien),3,,,36,Tabla 13,Tabla,Única,No aplica,"Requiere la composición demográfica interna del subgrupo de exposición, que el informe no publica; para no encadenar dos inferencias porcentuales independientes se deja la Base y el N en blanco (ver metodología en el brief)."
677,Regulación y prevención,Facilidad de acceso,Percepción de facilidad de acceso a las apuestas online,Muy fácil,Edad,16 años (No participa ni conoce a alguien),44,,,36,Tabla 13,Tabla,Única,No aplica,"Requiere la composición demográfica interna del subgrupo de exposición, que el informe no publica; para no encadenar dos inferencias porcentuales independientes se deja la Base y el N en blanco (ver metodología en el brief)."
678,Regulación y prevención,Facilidad de acceso,Percepción de facilidad de acceso a las apuestas online,Fácil,Edad,16 años (No participa ni conoce a alguien),45,,,36,Tabla 13,Tabla,Única,No aplica,"Requiere la composición demográfica interna del subgrupo de exposición, que el informe no publica; para no encadenar dos inferencias porcentuales independientes se deja la Base y el N en blanco (ver metodología en el brief)."
679,Regulación y prevención,Facilidad de acceso,Percepción de facilidad de acceso a las apuestas online,Poco fácil,Edad,16 años (No participa ni conoce a alguien),10,,,36,Tabla 13,Tabla,Única,No aplica,"Requiere la composición demográfica interna del subgrupo de exposición, que el informe no publica; para no encadenar dos inferencias porcentuales independientes se deja la Base y el N en blanco (ver metodología en el brief)."
680,Regulación y prevención,Facilidad de acceso,Percepción de facilidad de acceso a las apuestas online,Nada fácil,Edad,16 años (No participa ni conoce a alguien),2,,,36,Tabla 13,Tabla,Única,No aplica,"Requiere la composición demográfica interna del subgrupo de exposición, que el informe no publica; para no encadenar dos inferencias porcentuales independientes se deja la Base y el N en blanco (ver metodología en el brief)."
681,Regulación y prevención,Facilidad de acceso,Percepción de facilidad de acceso a las apuestas online,Muy fácil,Edad,17 años (No participa ni conoce a alguien),48,,,36,Tabla 13,Tabla,Única,No aplica,"Requiere la composición demográfica interna del subgrupo de exposición, que el informe no publica; para no encadenar dos inferencias porcentuales independientes se deja la Base y el N en blanco (ver metodología en el brief)."
682,Regulación y prevención,Facilidad de acceso,Percepción de facilidad de acceso a las apuestas online,Fácil,Edad,17 años (No participa ni conoce a alguien),42,,,36,Tabla 13,Tabla,Única,No aplica,"Requiere la composición demográfica interna del subgrupo de exposición, que el informe no publica; para no encadenar dos inferencias porcentuales independientes se deja la Base y el N en blanco (ver metodología en el brief)."
683,Regulación y prevención,Facilidad de acceso,Percepción de facilidad de acceso a las apuestas online,Poco fácil,Edad,17 años (No participa ni conoce a alguien),9,,,36,Tabla 13,Tabla,Única,No aplica,"Requiere la composición demográfica interna del subgrupo de exposición, que el informe no publica; para no encadenar dos inferencias porcentuales independientes se deja la Base y el N en blanco (ver metodología en el brief)."
684,Regulación y prevención,Facilidad de acceso,Percepción de facilidad de acceso a las apuestas online,Nada fácil,Edad,17 años (No participa ni conoce a alguien),1,,,36,Tabla 13,Tabla,Única,No aplica,"Requiere la composición demográfica interna del subgrupo de exposición, que el informe no publica; para no encadenar dos inferencias porcentuales independientes se deja la Base y el N en blanco (ver metodología en el brief)."
685,Regulación y prevención,Facilidad de acceso,Percepción de facilidad de acceso a las apuestas online,Muy fácil,Edad,18 años (No participa ni conoce a alguien),37,,,36,Tabla 13,Tabla,Única,No aplica,"Requiere la composición demográfica interna del subgrupo de exposición, que el informe no publica; para no encadenar dos inferencias porcentuales independientes se deja la Base y el N en blanco (ver metodología en el brief)."
686,Regulación y prevención,Facilidad de acceso,Percepción de facilidad de acceso a las apuestas online,Fácil,Edad,18 años (No participa ni conoce a alguien),28,,,36,Tabla 13,Tabla,Única,No aplica,"Requiere la composición demográfica interna del subgrupo de exposición, que el informe no publica; para no encadenar dos inferencias porcentuales independientes se deja la Base y el N en blanco (ver metodología en el brief)."
687,Regulación y prevención,Facilidad de acceso,Percepción de facilidad de acceso a las apuestas online,Poco fácil,Edad,18 años (No participa ni conoce a alguien),18,,,36,Tabla 13,Tabla,Única,No aplica,"Requiere la composición demográfica interna del subgrupo de exposición, que el informe no publica; para no encadenar dos inferencias porcentuales independientes se deja la Base y el N en blanco (ver metodología en el brief)."
688,Regulación y prevención,Facilidad de acceso,Percepción de facilidad de acceso a las apuestas online,Nada fácil,Edad,18 años (No participa ni conoce a alguien),17,,,36,Tabla 13,Tabla,Única,No aplica,"Requiere la composición demográfica interna del subgrupo de exposición, que el informe no publica; para no encadenar dos inferencias porcentuales independientes se deja la Base y el N en blanco (ver metodología en el brief)."
689,Regulación y prevención,Medidas para evitar el acceso de menores,Percepción de que las medidas de control de edad son eficaces,Sí,Tipo de exposición,Participa en apuestas,22,1827,402,37,Gráfico 14,Gráfico,Única,Inferida,
690,Regulación y prevención,Medidas para evitar el acceso de menores,Percepción de que las medidas de control de edad son eficaces,No,Tipo de exposición,Participa en apuestas,78,1827,1425,37,Gráfico 14,Gráfico,Única,Inferida,
691,Regulación y prevención,Medidas para evitar el acceso de menores,Percepción de que las medidas de control de edad son eficaces,Sí,Tipo de exposición,Conoce a alguien,15,5139,771,37,Gráfico 14,Gráfico,Única,Inferida,
692,Regulación y prevención,Medidas para evitar el acceso de menores,Percepción de que las medidas de control de edad son eficaces,No,Tipo de exposición,Conoce a alguien,85,5139,4368,37,Gráfico 14,Gráfico,Única,Inferida,
693,Regulación y prevención,Medidas para evitar el acceso de menores,Percepción de que las medidas de control de edad son eficaces,Sí,Tipo de exposición,No participa ni conoce a alguien,24,3084,740,37,Gráfico 14,Gráfico,Única,Inferida,
694,Regulación y prevención,Medidas para evitar el acceso de menores,Percepción de que las medidas de control de edad son eficaces,No,Tipo de exposición,No participa ni conoce a alguien,77,3084,2375,37,Gráfico 14,Gráfico,Única,Inferida,
695,Regulación y prevención,Medidas para evitar el acceso de menores,Percepción de que las medidas de control de edad son eficaces,Sí,Edad,13 años (Participa en apuestas),56,,,38,Tabla 14,Tabla,Única,No aplica,"Requiere la composición demográfica interna del subgrupo de exposición, que el informe no publica; para no encadenar dos inferencias porcentuales independientes se deja la Base y el N en blanco (ver metodología en el brief)."
696,Regulación y prevención,Medidas para evitar el acceso de menores,Percepción de que las medidas de control de edad son eficaces,Sí,Edad,14 años (Participa en apuestas),27,,,38,Tabla 14,Tabla,Única,No aplica,"Requiere la composición demográfica interna del subgrupo de exposición, que el informe no publica; para no encadenar dos inferencias porcentuales independientes se deja la Base y el N en blanco (ver metodología en el brief)."
697,Regulación y prevención,Medidas para evitar el acceso de menores,Percepción de que las medidas de control de edad son eficaces,Sí,Edad,15 años (Participa en apuestas),24,,,38,Tabla 14,Tabla,Única,No aplica,"Requiere la composición demográfica interna del subgrupo de exposición, que el informe no publica; para no encadenar dos inferencias porcentuales independientes se deja la Base y el N en blanco (ver metodología en el brief)."
698,Regulación y prevención,Medidas para evitar el acceso de menores,Percepción de que las medidas de control de edad son eficaces,Sí,Edad,16 años (Participa en apuestas),21,,,38,Tabla 14,Tabla,Única,No aplica,"Requiere la composición demográfica interna del subgrupo de exposición, que el informe no publica; para no encadenar dos inferencias porcentuales independientes se deja la Base y el N en blanco (ver metodología en el brief)."
699,Regulación y prevención,Medidas para evitar el acceso de menores,Percepción de que las medidas de control de edad son eficaces,Sí,Edad,17 años (Participa en apuestas),16,,,38,Tabla 14,Tabla,Única,No aplica,"Requiere la composición demográfica interna del subgrupo de exposición, que el informe no publica; para no encadenar dos inferencias porcentuales independientes se deja la Base y el N en blanco (ver metodología en el brief)."
700,Regulación y prevención,Medidas para evitar el acceso de menores,Percepción de que las medidas de control de edad son eficaces,Sí,Edad,18 años (Participa en apuestas),14,,,38,Tabla 14,Tabla,Única,No aplica,"Requiere la composición demográfica interna del subgrupo de exposición, que el informe no publica; para no encadenar dos inferencias porcentuales independientes se deja la Base y el N en blanco (ver metodología en el brief)."
701,Regulación y prevención,Medidas para evitar el acceso de menores,Percepción de que las medidas de control de edad son eficaces,Sí,Región,AMBA (Participa en apuestas),18,,,38,Tabla 14,Tabla,Única,No aplica,"Requiere la composición demográfica interna del subgrupo de exposición, que el informe no publica; para no encadenar dos inferencias porcentuales independientes se deja la Base y el N en blanco (ver metodología en el brief)."
702,Regulación y prevención,Medidas para evitar el acceso de menores,Percepción de que las medidas de control de edad son eficaces,Sí,Región,Centro (Participa en apuestas),18,,,38,Tabla 14,Tabla,Única,No aplica,"Requiere la composición demográfica interna del subgrupo de exposición, que el informe no publica; para no encadenar dos inferencias porcentuales independientes se deja la Base y el N en blanco (ver metodología en el brief)."
703,Regulación y prevención,Medidas para evitar el acceso de menores,Percepción de que las medidas de control de edad son eficaces,Sí,Región,Cuyo (Participa en apuestas),17,,,38,Tabla 14,Tabla,Única,No aplica,"Requiere la composición demográfica interna del subgrupo de exposición, que el informe no publica; para no encadenar dos inferencias porcentuales independientes se deja la Base y el N en blanco (ver metodología en el brief)."
704,Regulación y prevención,Medidas para evitar el acceso de menores,Percepción de que las medidas de control de edad son eficaces,Sí,Región,NOA (Participa en apuestas),40,,,38,Tabla 14,Tabla,Única,No aplica,"Requiere la composición demográfica interna del subgrupo de exposición, que el informe no publica; para no encadenar dos inferencias porcentuales independientes se deja la Base y el N en blanco (ver metodología en el brief)."
705,Regulación y prevención,Medidas para evitar el acceso de menores,Percepción de que las medidas de control de edad son eficaces,Sí,Región,NEA (Participa en apuestas),24,,,38,Tabla 14,Tabla,Única,No aplica,"Requiere la composición demográfica interna del subgrupo de exposición, que el informe no publica; para no encadenar dos inferencias porcentuales independientes se deja la Base y el N en blanco (ver metodología en el brief)."
706,Regulación y prevención,Medidas para evitar el acceso de menores,Percepción de que las medidas de control de edad son eficaces,Sí,Región,Patagonia (Participa en apuestas),25,,,38,Tabla 14,Tabla,Única,No aplica,"Requiere la composición demográfica interna del subgrupo de exposición, que el informe no publica; para no encadenar dos inferencias porcentuales independientes se deja la Base y el N en blanco (ver metodología en el brief)."
707,Regulación y prevención,Medidas para evitar el acceso de menores,Percepción de que las medidas de control de edad son eficaces,Sí,Edad,13 años (Conoce a alguien),23,,,38,Tabla 14,Tabla,Única,No aplica,"Requiere la composición demográfica interna del subgrupo de exposición, que el informe no publica; para no encadenar dos inferencias porcentuales independientes se deja la Base y el N en blanco (ver metodología en el brief)."
708,Regulación y prevención,Medidas para evitar el acceso de menores,Percepción de que las medidas de control de edad son eficaces,Sí,Edad,14 años (Conoce a alguien),21,,,38,Tabla 14,Tabla,Única,No aplica,"Requiere la composición demográfica interna del subgrupo de exposición, que el informe no publica; para no encadenar dos inferencias porcentuales independientes se deja la Base y el N en blanco (ver metodología en el brief)."
709,Regulación y prevención,Medidas para evitar el acceso de menores,Percepción de que las medidas de control de edad son eficaces,Sí,Edad,15 años (Conoce a alguien),13,,,38,Tabla 14,Tabla,Única,No aplica,"Requiere la composición demográfica interna del subgrupo de exposición, que el informe no publica; para no encadenar dos inferencias porcentuales independientes se deja la Base y el N en blanco (ver metodología en el brief)."
710,Regulación y prevención,Medidas para evitar el acceso de menores,Percepción de que las medidas de control de edad son eficaces,Sí,Edad,16 años (Conoce a alguien),12,,,38,Tabla 14,Tabla,Única,No aplica,"Requiere la composición demográfica interna del subgrupo de exposición, que el informe no publica; para no encadenar dos inferencias porcentuales independientes se deja la Base y el N en blanco (ver metodología en el brief)."
711,Regulación y prevención,Medidas para evitar el acceso de menores,Percepción de que las medidas de control de edad son eficaces,Sí,Edad,17 años (Conoce a alguien),11,,,38,Tabla 14,Tabla,Única,No aplica,"Requiere la composición demográfica interna del subgrupo de exposición, que el informe no publica; para no encadenar dos inferencias porcentuales independientes se deja la Base y el N en blanco (ver metodología en el brief)."
712,Regulación y prevención,Medidas para evitar el acceso de menores,Percepción de que las medidas de control de edad son eficaces,Sí,Edad,18 años (Conoce a alguien),14,,,38,Tabla 14,Tabla,Única,No aplica,"Requiere la composición demográfica interna del subgrupo de exposición, que el informe no publica; para no encadenar dos inferencias porcentuales independientes se deja la Base y el N en blanco (ver metodología en el brief)."
713,Regulación y prevención,Medidas para evitar el acceso de menores,Percepción de que las medidas de control de edad son eficaces,Sí,Región,AMBA (Conoce a alguien),13,,,38,Tabla 14,Tabla,Única,No aplica,"Requiere la composición demográfica interna del subgrupo de exposición, que el informe no publica; para no encadenar dos inferencias porcentuales independientes se deja la Base y el N en blanco (ver metodología en el brief)."
714,Regulación y prevención,Medidas para evitar el acceso de menores,Percepción de que las medidas de control de edad son eficaces,Sí,Región,Centro (Conoce a alguien),13,,,38,Tabla 14,Tabla,Única,No aplica,"Requiere la composición demográfica interna del subgrupo de exposición, que el informe no publica; para no encadenar dos inferencias porcentuales independientes se deja la Base y el N en blanco (ver metodología en el brief)."
715,Regulación y prevención,Medidas para evitar el acceso de menores,Percepción de que las medidas de control de edad son eficaces,Sí,Región,Cuyo (Conoce a alguien),26,,,38,Tabla 14,Tabla,Única,No aplica,"Requiere la composición demográfica interna del subgrupo de exposición, que el informe no publica; para no encadenar dos inferencias porcentuales independientes se deja la Base y el N en blanco (ver metodología en el brief)."
716,Regulación y prevención,Medidas para evitar el acceso de menores,Percepción de que las medidas de control de edad son eficaces,Sí,Región,NOA (Conoce a alguien),22,,,38,Tabla 14,Tabla,Única,No aplica,"Requiere la composición demográfica interna del subgrupo de exposición, que el informe no publica; para no encadenar dos inferencias porcentuales independientes se deja la Base y el N en blanco (ver metodología en el brief)."
717,Regulación y prevención,Medidas para evitar el acceso de menores,Percepción de que las medidas de control de edad son eficaces,Sí,Región,NEA (Conoce a alguien),12,,,38,Tabla 14,Tabla,Única,No aplica,"Requiere la composición demográfica interna del subgrupo de exposición, que el informe no publica; para no encadenar dos inferencias porcentuales independientes se deja la Base y el N en blanco (ver metodología en el brief)."
718,Regulación y prevención,Medidas para evitar el acceso de menores,Percepción de que las medidas de control de edad son eficaces,Sí,Región,Patagonia (Conoce a alguien),17,,,38,Tabla 14,Tabla,Única,No aplica,"Requiere la composición demográfica interna del subgrupo de exposición, que el informe no publica; para no encadenar dos inferencias porcentuales independientes se deja la Base y el N en blanco (ver metodología en el brief)."
719,Regulación y prevención,Medidas para evitar el acceso de menores,Percepción de que las medidas de control de edad son eficaces,Sí,Edad,13 años (No participa ni conoce a alguien),26,,,38,Tabla 14,Tabla,Única,No aplica,"Requiere la composición demográfica interna del subgrupo de exposición, que el informe no publica; para no encadenar dos inferencias porcentuales independientes se deja la Base y el N en blanco (ver metodología en el brief)."
720,Regulación y prevención,Medidas para evitar el acceso de menores,Percepción de que las medidas de control de edad son eficaces,Sí,Edad,14 años (No participa ni conoce a alguien),25,,,38,Tabla 14,Tabla,Única,No aplica,"Requiere la composición demográfica interna del subgrupo de exposición, que el informe no publica; para no encadenar dos inferencias porcentuales independientes se deja la Base y el N en blanco (ver metodología en el brief)."
721,Regulación y prevención,Medidas para evitar el acceso de menores,Percepción de que las medidas de control de edad son eficaces,Sí,Edad,15 años (No participa ni conoce a alguien),14,,,38,Tabla 14,Tabla,Única,No aplica,"Requiere la composición demográfica interna del subgrupo de exposición, que el informe no publica; para no encadenar dos inferencias porcentuales independientes se deja la Base y el N en blanco (ver metodología en el brief)."
722,Regulación y prevención,Medidas para evitar el acceso de menores,Percepción de que las medidas de control de edad son eficaces,Sí,Edad,16 años (No participa ni conoce a alguien),20,,,38,Tabla 14,Tabla,Única,No aplica,"Requiere la composición demográfica interna del subgrupo de exposición, que el informe no publica; para no encadenar dos inferencias porcentuales independientes se deja la Base y el N en blanco (ver metodología en el brief)."
723,Regulación y prevención,Medidas para evitar el acceso de menores,Percepción de que las medidas de control de edad son eficaces,Sí,Edad,17 años (No participa ni conoce a alguien),18,,,38,Tabla 14,Tabla,Única,No aplica,"Requiere la composición demográfica interna del subgrupo de exposición, que el informe no publica; para no encadenar dos inferencias porcentuales independientes se deja la Base y el N en blanco (ver metodología en el brief)."
724,Regulación y prevención,Medidas para evitar el acceso de menores,Percepción de que las medidas de control de edad son eficaces,Sí,Edad,18 años (No participa ni conoce a alguien),48,,,38,Tabla 14,Tabla,Única,No aplica,"Requiere la composición demográfica interna del subgrupo de exposición, que el informe no publica; para no encadenar dos inferencias porcentuales independientes se deja la Base y el N en blanco (ver metodología en el brief)."
725,Regulación y prevención,Medidas para evitar el acceso de menores,Percepción de que las medidas de control de edad son eficaces,Sí,Región,AMBA (No participa ni conoce a alguien),26,,,38,Tabla 14,Tabla,Única,No aplica,"Requiere la composición demográfica interna del subgrupo de exposición, que el informe no publica; para no encadenar dos inferencias porcentuales independientes se deja la Base y el N en blanco (ver metodología en el brief)."
726,Regulación y prevención,Medidas para evitar el acceso de menores,Percepción de que las medidas de control de edad son eficaces,Sí,Región,Centro (No participa ni conoce a alguien),19,,,38,Tabla 14,Tabla,Única,No aplica,"Requiere la composición demográfica interna del subgrupo de exposición, que el informe no publica; para no encadenar dos inferencias porcentuales independientes se deja la Base y el N en blanco (ver metodología en el brief)."
727,Regulación y prevención,Medidas para evitar el acceso de menores,Percepción de que las medidas de control de edad son eficaces,Sí,Región,Cuyo (No participa ni conoce a alguien),31,,,38,Tabla 14,Tabla,Única,No aplica,"Requiere la composición demográfica interna del subgrupo de exposición, que el informe no publica; para no encadenar dos inferencias porcentuales independientes se deja la Base y el N en blanco (ver metodología en el brief)."
728,Regulación y prevención,Medidas para evitar el acceso de menores,Percepción de que las medidas de control de edad son eficaces,Sí,Región,NOA (No participa ni conoce a alguien),26,,,38,Tabla 14,Tabla,Única,No aplica,"Requiere la composición demográfica interna del subgrupo de exposición, que el informe no publica; para no encadenar dos inferencias porcentuales independientes se deja la Base y el N en blanco (ver metodología en el brief)."
729,Regulación y prevención,Medidas para evitar el acceso de menores,Percepción de que las medidas de control de edad son eficaces,Sí,Región,NEA (No participa ni conoce a alguien),20,,,38,Tabla 14,Tabla,Única,No aplica,"Requiere la composición demográfica interna del subgrupo de exposición, que el informe no publica; para no encadenar dos inferencias porcentuales independientes se deja la Base y el N en blanco (ver metodología en el brief)."
730,Regulación y prevención,Medidas para evitar el acceso de menores,Percepción de que las medidas de control de edad son eficaces,Sí,Región,Patagonia (No participa ni conoce a alguien),26,,,38,Tabla 14,Tabla,Única,No aplica,"Requiere la composición demográfica interna del subgrupo de exposición, que el informe no publica; para no encadenar dos inferencias porcentuales independientes se deja la Base y el N en blanco (ver metodología en el brief)."
731,Regulación y prevención,Diferenciación de sitios legales vs. ilegales simulados,Identificación de la legitimidad del sitio simulado www.apuestasya.bet.ar,Legal,Tipo de exposición,Participa en apuestas,37,1827,676,38,Gráfico 15,Gráfico,Única,Inferida,
732,Regulación y prevención,Diferenciación de sitios legales vs. ilegales simulados,Identificación de la legitimidad del sitio simulado www.apuestasya.bet.ar,Ilegal,Tipo de exposición,Participa en apuestas,13,1827,238,38,Gráfico 15,Gráfico,Única,Inferida,
733,Regulación y prevención,Diferenciación de sitios legales vs. ilegales simulados,Identificación de la legitimidad del sitio simulado www.apuestasya.bet.ar,No estoy seguro/a,Tipo de exposición,Participa en apuestas,51,1827,932,38,Gráfico 15,Gráfico,Única,Inferida,
734,Regulación y prevención,Diferenciación de sitios legales vs. ilegales simulados,Identificación de la legitimidad del sitio simulado www.apuestasya.bet.ar,Legal,Tipo de exposición,Conoce a alguien,24,5139,1233,38,Gráfico 15,Gráfico,Única,Inferida,
735,Regulación y prevención,Diferenciación de sitios legales vs. ilegales simulados,Identificación de la legitimidad del sitio simulado www.apuestasya.bet.ar,Ilegal,Tipo de exposición,Conoce a alguien,17,5139,874,38,Gráfico 15,Gráfico,Única,Inferida,
736,Regulación y prevención,Diferenciación de sitios legales vs. ilegales simulados,Identificación de la legitimidad del sitio simulado www.apuestasya.bet.ar,No estoy seguro/a,Tipo de exposición,Conoce a alguien,60,5139,3083,38,Gráfico 15,Gráfico,Única,Inferida,
737,Regulación y prevención,Diferenciación de sitios legales vs. ilegales simulados,Identificación de la legitimidad del sitio simulado www.apuestasya.bet.ar,Legal,Tipo de exposición,No participa ni conoce a alguien,22,3084,678,38,Gráfico 15,Gráfico,Única,Inferida,
738,Regulación y prevención,Diferenciación de sitios legales vs. ilegales simulados,Identificación de la legitimidad del sitio simulado www.apuestasya.bet.ar,Ilegal,Tipo de exposición,No participa ni conoce a alguien,14,3084,432,38,Gráfico 15,Gráfico,Única,Inferida,
739,Regulación y prevención,Diferenciación de sitios legales vs. ilegales simulados,Identificación de la legitimidad del sitio simulado www.apuestasya.bet.ar,No estoy seguro/a,Tipo de exposición,No participa ni conoce a alguien,64,3084,1974,38,Gráfico 15,Gráfico,Única,Inferida,
740,Regulación y prevención,Diferenciación de sitios legales vs. ilegales simulados,Identificación de la legitimidad del sitio simulado www.apuestasonline.com.ar,Legal,Tipo de exposición,Participa en apuestas,31,1827,566,38,Gráfico 15,Gráfico,Única,Inferida,
741,Regulación y prevención,Diferenciación de sitios legales vs. ilegales simulados,Identificación de la legitimidad del sitio simulado www.apuestasonline.com.ar,Ilegal,Tipo de exposición,Participa en apuestas,15,1827,274,38,Gráfico 15,Gráfico,Única,Inferida,
742,Regulación y prevención,Diferenciación de sitios legales vs. ilegales simulados,Identificación de la legitimidad del sitio simulado www.apuestasonline.com.ar,No estoy seguro/a,Tipo de exposición,Participa en apuestas,54,1827,987,38,Gráfico 15,Gráfico,Única,Inferida,
743,Regulación y prevención,Diferenciación de sitios legales vs. ilegales simulados,Identificación de la legitimidad del sitio simulado www.apuestasonline.com.ar,Legal,Tipo de exposición,Conoce a alguien,29,5139,1490,38,Gráfico 15,Gráfico,Única,Inferida,
744,Regulación y prevención,Diferenciación de sitios legales vs. ilegales simulados,Identificación de la legitimidad del sitio simulado www.apuestasonline.com.ar,Ilegal,Tipo de exposición,Conoce a alguien,12,5139,617,38,Gráfico 15,Gráfico,Única,Inferida,
745,Regulación y prevención,Diferenciación de sitios legales vs. ilegales simulados,Identificación de la legitimidad del sitio simulado www.apuestasonline.com.ar,No estoy seguro/a,Tipo de exposición,Conoce a alguien,58,5139,2981,38,Gráfico 15,Gráfico,Única,Inferida,
746,Regulación y prevención,Diferenciación de sitios legales vs. ilegales simulados,Identificación de la legitimidad del sitio simulado www.apuestasonline.com.ar,Legal,Tipo de exposición,No participa ni conoce a alguien,27,3084,833,38,Gráfico 15,Gráfico,Única,Inferida,
747,Regulación y prevención,Diferenciación de sitios legales vs. ilegales simulados,Identificación de la legitimidad del sitio simulado www.apuestasonline.com.ar,Ilegal,Tipo de exposición,No participa ni conoce a alguien,12,3084,370,38,Gráfico 15,Gráfico,Única,Inferida,
748,Regulación y prevención,Diferenciación de sitios legales vs. ilegales simulados,Identificación de la legitimidad del sitio simulado www.apuestasonline.com.ar,No estoy seguro/a,Tipo de exposición,No participa ni conoce a alguien,62,3084,1912,38,Gráfico 15,Gráfico,Única,Inferida,
749,Regulación y prevención,Diferenciación de sitios legales vs. ilegales simulados,Identificación de la legitimidad del sitio simulado www.apostaygana.com.ar,Legal,Tipo de exposición,Participa en apuestas,25,1827,457,38,Gráfico 15,Gráfico,Única,Inferida,
750,Regulación y prevención,Diferenciación de sitios legales vs. ilegales simulados,Identificación de la legitimidad del sitio simulado www.apostaygana.com.ar,Ilegal,Tipo de exposición,Participa en apuestas,21,1827,384,38,Gráfico 15,Gráfico,Única,Inferida,
751,Regulación y prevención,Diferenciación de sitios legales vs. ilegales simulados,Identificación de la legitimidad del sitio simulado www.apostaygana.com.ar,No estoy seguro/a,Tipo de exposición,Participa en apuestas,55,1827,1005,38,Gráfico 15,Gráfico,Única,Inferida,
752,Regulación y prevención,Diferenciación de sitios legales vs. ilegales simulados,Identificación de la legitimidad del sitio simulado www.apostaygana.com.ar,Legal,Tipo de exposición,Conoce a alguien,15,5139,771,38,Gráfico 15,Gráfico,Única,Inferida,
753,Regulación y prevención,Diferenciación de sitios legales vs. ilegales simulados,Identificación de la legitimidad del sitio simulado www.apostaygana.com.ar,Ilegal,Tipo de exposición,Conoce a alguien,21,5139,1079,38,Gráfico 15,Gráfico,Única,Inferida,
754,Regulación y prevención,Diferenciación de sitios legales vs. ilegales simulados,Identificación de la legitimidad del sitio simulado www.apostaygana.com.ar,No estoy seguro/a,Tipo de exposición,Conoce a alguien,64,5139,3289,38,Gráfico 15,Gráfico,Única,Inferida,
755,Regulación y prevención,Diferenciación de sitios legales vs. ilegales simulados,Identificación de la legitimidad del sitio simulado www.apostaygana.com.ar,Legal,Tipo de exposición,No participa ni conoce a alguien,15,3084,463,38,Gráfico 15,Gráfico,Única,Inferida,
756,Regulación y prevención,Diferenciación de sitios legales vs. ilegales simulados,Identificación de la legitimidad del sitio simulado www.apostaygana.com.ar,Ilegal,Tipo de exposición,No participa ni conoce a alguien,20,3084,617,38,Gráfico 15,Gráfico,Única,Inferida,
757,Regulación y prevención,Diferenciación de sitios legales vs. ilegales simulados,Identificación de la legitimidad del sitio simulado www.apostaygana.com.ar,No estoy seguro/a,Tipo de exposición,No participa ni conoce a alguien,66,3084,2035,38,Gráfico 15,Gráfico,Única,Inferida,
758,Regulación y prevención,Diferenciación de sitios legales vs. ilegales simulados,Identificación de la legitimidad del sitio simulado www.jugaygana.com,Legal,Tipo de exposición,Participa en apuestas,12,1827,219,38,Gráfico 15,Gráfico,Única,Inferida,
759,Regulación y prevención,Diferenciación de sitios legales vs. ilegales simulados,Identificación de la legitimidad del sitio simulado www.jugaygana.com,Ilegal,Tipo de exposición,Participa en apuestas,30,1827,548,38,Gráfico 15,Gráfico,Única,Inferida,
760,Regulación y prevención,Diferenciación de sitios legales vs. ilegales simulados,Identificación de la legitimidad del sitio simulado www.jugaygana.com,No estoy seguro/a,Tipo de exposición,Participa en apuestas,59,1827,1078,38,Gráfico 15,Gráfico,Única,Inferida,
761,Regulación y prevención,Diferenciación de sitios legales vs. ilegales simulados,Identificación de la legitimidad del sitio simulado www.jugaygana.com,Legal,Tipo de exposición,Conoce a alguien,10,5139,514,38,Gráfico 15,Gráfico,Única,Inferida,
762,Regulación y prevención,Diferenciación de sitios legales vs. ilegales simulados,Identificación de la legitimidad del sitio simulado www.jugaygana.com,Ilegal,Tipo de exposición,Conoce a alguien,29,5139,1490,38,Gráfico 15,Gráfico,Única,Inferida,
763,Regulación y prevención,Diferenciación de sitios legales vs. ilegales simulados,Identificación de la legitimidad del sitio simulado www.jugaygana.com,No estoy seguro/a,Tipo de exposición,Conoce a alguien,61,5139,3135,38,Gráfico 15,Gráfico,Única,Inferida,
764,Regulación y prevención,Diferenciación de sitios legales vs. ilegales simulados,Identificación de la legitimidad del sitio simulado www.jugaygana.com,Legal,Tipo de exposición,No participa ni conoce a alguien,11,3084,339,38,Gráfico 15,Gráfico,Única,Inferida,
765,Regulación y prevención,Diferenciación de sitios legales vs. ilegales simulados,Identificación de la legitimidad del sitio simulado www.jugaygana.com,Ilegal,Tipo de exposición,No participa ni conoce a alguien,25,3084,771,38,Gráfico 15,Gráfico,Única,Inferida,
766,Regulación y prevención,Diferenciación de sitios legales vs. ilegales simulados,Identificación de la legitimidad del sitio simulado www.jugaygana.com,No estoy seguro/a,Tipo de exposición,No participa ni conoce a alguien,65,3084,2005,38,Gráfico 15,Gráfico,Única,Inferida,
767,Regulación y prevención,Diferenciación de sitios legales vs. ilegales simulados,Identificación de la legitimidad del sitio simulado www.apuestasya.bet.ar,Legal,Género,Mujeres (Participa en apuestas),20,,,39,Tabla 15,Tabla,Única,No aplica,"Requiere la composición demográfica interna del subgrupo de exposición, que el informe no publica; para no encadenar dos inferencias porcentuales independientes se deja la Base y el N en blanco (ver metodología en el brief)."
768,Regulación y prevención,Diferenciación de sitios legales vs. ilegales simulados,Identificación de la legitimidad del sitio simulado www.apuestasya.bet.ar,Ilegal,Género,Mujeres (Participa en apuestas),17,,,39,Tabla 15,Tabla,Única,No aplica,"Requiere la composición demográfica interna del subgrupo de exposición, que el informe no publica; para no encadenar dos inferencias porcentuales independientes se deja la Base y el N en blanco (ver metodología en el brief)."
769,Regulación y prevención,Diferenciación de sitios legales vs. ilegales simulados,Identificación de la legitimidad del sitio simulado www.apuestasya.bet.ar,No estoy seguro/a,Género,Mujeres (Participa en apuestas),63,,,39,Tabla 15,Tabla,Única,No aplica,"Requiere la composición demográfica interna del subgrupo de exposición, que el informe no publica; para no encadenar dos inferencias porcentuales independientes se deja la Base y el N en blanco (ver metodología en el brief)."
770,Regulación y prevención,Diferenciación de sitios legales vs. ilegales simulados,Identificación de la legitimidad del sitio simulado www.apuestasya.bet.ar,Legal,Género,Varones (Participa en apuestas),42,,,39,Tabla 15,Tabla,Única,No aplica,"Requiere la composición demográfica interna del subgrupo de exposición, que el informe no publica; para no encadenar dos inferencias porcentuales independientes se deja la Base y el N en blanco (ver metodología en el brief)."
771,Regulación y prevención,Diferenciación de sitios legales vs. ilegales simulados,Identificación de la legitimidad del sitio simulado www.apuestasya.bet.ar,Ilegal,Género,Varones (Participa en apuestas),11,,,39,Tabla 15,Tabla,Única,No aplica,"Requiere la composición demográfica interna del subgrupo de exposición, que el informe no publica; para no encadenar dos inferencias porcentuales independientes se deja la Base y el N en blanco (ver metodología en el brief)."
772,Regulación y prevención,Diferenciación de sitios legales vs. ilegales simulados,Identificación de la legitimidad del sitio simulado www.apuestasya.bet.ar,No estoy seguro/a,Género,Varones (Participa en apuestas),47,,,39,Tabla 15,Tabla,Única,No aplica,"Requiere la composición demográfica interna del subgrupo de exposición, que el informe no publica; para no encadenar dos inferencias porcentuales independientes se deja la Base y el N en blanco (ver metodología en el brief)."
773,Regulación y prevención,Diferenciación de sitios legales vs. ilegales simulados,Identificación de la legitimidad del sitio simulado www.apuestasya.bet.ar,Legal,Edad,13 años (Participa en apuestas),31,,,39,Tabla 15,Tabla,Única,No aplica,"Requiere la composición demográfica interna del subgrupo de exposición, que el informe no publica; para no encadenar dos inferencias porcentuales independientes se deja la Base y el N en blanco (ver metodología en el brief)."
774,Regulación y prevención,Diferenciación de sitios legales vs. ilegales simulados,Identificación de la legitimidad del sitio simulado www.apuestasya.bet.ar,Ilegal,Edad,13 años (Participa en apuestas),14,,,39,Tabla 15,Tabla,Única,No aplica,"Requiere la composición demográfica interna del subgrupo de exposición, que el informe no publica; para no encadenar dos inferencias porcentuales independientes se deja la Base y el N en blanco (ver metodología en el brief)."
775,Regulación y prevención,Diferenciación de sitios legales vs. ilegales simulados,Identificación de la legitimidad del sitio simulado www.apuestasya.bet.ar,No estoy seguro/a,Edad,13 años (Participa en apuestas),56,,,39,Tabla 15,Tabla,Única,No aplica,"Requiere la composición demográfica interna del subgrupo de exposición, que el informe no publica; para no encadenar dos inferencias porcentuales independientes se deja la Base y el N en blanco (ver metodología en el brief)."
776,Regulación y prevención,Diferenciación de sitios legales vs. ilegales simulados,Identificación de la legitimidad del sitio simulado www.apuestasya.bet.ar,Legal,Edad,14 años (Participa en apuestas),43,,,39,Tabla 15,Tabla,Única,No aplica,"Requiere la composición demográfica interna del subgrupo de exposición, que el informe no publica; para no encadenar dos inferencias porcentuales independientes se deja la Base y el N en blanco (ver metodología en el brief)."
777,Regulación y prevención,Diferenciación de sitios legales vs. ilegales simulados,Identificación de la legitimidad del sitio simulado www.apuestasya.bet.ar,Ilegal,Edad,14 años (Participa en apuestas),15,,,39,Tabla 15,Tabla,Única,No aplica,"Requiere la composición demográfica interna del subgrupo de exposición, que el informe no publica; para no encadenar dos inferencias porcentuales independientes se deja la Base y el N en blanco (ver metodología en el brief)."
778,Regulación y prevención,Diferenciación de sitios legales vs. ilegales simulados,Identificación de la legitimidad del sitio simulado www.apuestasya.bet.ar,No estoy seguro/a,Edad,14 años (Participa en apuestas),42,,,39,Tabla 15,Tabla,Única,No aplica,"Requiere la composición demográfica interna del subgrupo de exposición, que el informe no publica; para no encadenar dos inferencias porcentuales independientes se deja la Base y el N en blanco (ver metodología en el brief)."
779,Regulación y prevención,Diferenciación de sitios legales vs. ilegales simulados,Identificación de la legitimidad del sitio simulado www.apuestasya.bet.ar,Legal,Edad,15 años (Participa en apuestas),36,,,39,Tabla 15,Tabla,Única,No aplica,"Requiere la composición demográfica interna del subgrupo de exposición, que el informe no publica; para no encadenar dos inferencias porcentuales independientes se deja la Base y el N en blanco (ver metodología en el brief)."
780,Regulación y prevención,Diferenciación de sitios legales vs. ilegales simulados,Identificación de la legitimidad del sitio simulado www.apuestasya.bet.ar,Ilegal,Edad,15 años (Participa en apuestas),14,,,39,Tabla 15,Tabla,Única,No aplica,"Requiere la composición demográfica interna del subgrupo de exposición, que el informe no publica; para no encadenar dos inferencias porcentuales independientes se deja la Base y el N en blanco (ver metodología en el brief)."
781,Regulación y prevención,Diferenciación de sitios legales vs. ilegales simulados,Identificación de la legitimidad del sitio simulado www.apuestasya.bet.ar,No estoy seguro/a,Edad,15 años (Participa en apuestas),50,,,39,Tabla 15,Tabla,Única,No aplica,"Requiere la composición demográfica interna del subgrupo de exposición, que el informe no publica; para no encadenar dos inferencias porcentuales independientes se deja la Base y el N en blanco (ver metodología en el brief)."
782,Regulación y prevención,Diferenciación de sitios legales vs. ilegales simulados,Identificación de la legitimidad del sitio simulado www.apuestasya.bet.ar,Legal,Edad,16 años (Participa en apuestas),34,,,39,Tabla 15,Tabla,Única,No aplica,"Requiere la composición demográfica interna del subgrupo de exposición, que el informe no publica; para no encadenar dos inferencias porcentuales independientes se deja la Base y el N en blanco (ver metodología en el brief)."
783,Regulación y prevención,Diferenciación de sitios legales vs. ilegales simulados,Identificación de la legitimidad del sitio simulado www.apuestasya.bet.ar,Ilegal,Edad,16 años (Participa en apuestas),13,,,39,Tabla 15,Tabla,Única,No aplica,"Requiere la composición demográfica interna del subgrupo de exposición, que el informe no publica; para no encadenar dos inferencias porcentuales independientes se deja la Base y el N en blanco (ver metodología en el brief)."
784,Regulación y prevención,Diferenciación de sitios legales vs. ilegales simulados,Identificación de la legitimidad del sitio simulado www.apuestasya.bet.ar,No estoy seguro/a,Edad,16 años (Participa en apuestas),53,,,39,Tabla 15,Tabla,Única,No aplica,"Requiere la composición demográfica interna del subgrupo de exposición, que el informe no publica; para no encadenar dos inferencias porcentuales independientes se deja la Base y el N en blanco (ver metodología en el brief)."
785,Regulación y prevención,Diferenciación de sitios legales vs. ilegales simulados,Identificación de la legitimidad del sitio simulado www.apuestasya.bet.ar,Legal,Edad,17 años (Participa en apuestas),36,,,39,Tabla 15,Tabla,Única,No aplica,"Requiere la composición demográfica interna del subgrupo de exposición, que el informe no publica; para no encadenar dos inferencias porcentuales independientes se deja la Base y el N en blanco (ver metodología en el brief)."
786,Regulación y prevención,Diferenciación de sitios legales vs. ilegales simulados,Identificación de la legitimidad del sitio simulado www.apuestasya.bet.ar,Ilegal,Edad,17 años (Participa en apuestas),11,,,39,Tabla 15,Tabla,Única,No aplica,"Requiere la composición demográfica interna del subgrupo de exposición, que el informe no publica; para no encadenar dos inferencias porcentuales independientes se deja la Base y el N en blanco (ver metodología en el brief)."
787,Regulación y prevención,Diferenciación de sitios legales vs. ilegales simulados,Identificación de la legitimidad del sitio simulado www.apuestasya.bet.ar,No estoy seguro/a,Edad,17 años (Participa en apuestas),53,,,39,Tabla 15,Tabla,Única,No aplica,"Requiere la composición demográfica interna del subgrupo de exposición, que el informe no publica; para no encadenar dos inferencias porcentuales independientes se deja la Base y el N en blanco (ver metodología en el brief)."
788,Regulación y prevención,Diferenciación de sitios legales vs. ilegales simulados,Identificación de la legitimidad del sitio simulado www.apuestasya.bet.ar,Legal,Edad,18 años (Participa en apuestas),41,,,39,Tabla 15,Tabla,Única,No aplica,"Requiere la composición demográfica interna del subgrupo de exposición, que el informe no publica; para no encadenar dos inferencias porcentuales independientes se deja la Base y el N en blanco (ver metodología en el brief)."
789,Regulación y prevención,Diferenciación de sitios legales vs. ilegales simulados,Identificación de la legitimidad del sitio simulado www.apuestasya.bet.ar,Ilegal,Edad,18 años (Participa en apuestas),11,,,39,Tabla 15,Tabla,Única,No aplica,"Requiere la composición demográfica interna del subgrupo de exposición, que el informe no publica; para no encadenar dos inferencias porcentuales independientes se deja la Base y el N en blanco (ver metodología en el brief)."
790,Regulación y prevención,Diferenciación de sitios legales vs. ilegales simulados,Identificación de la legitimidad del sitio simulado www.apuestasya.bet.ar,No estoy seguro/a,Edad,18 años (Participa en apuestas),48,,,39,Tabla 15,Tabla,Única,No aplica,"Requiere la composición demográfica interna del subgrupo de exposición, que el informe no publica; para no encadenar dos inferencias porcentuales independientes se deja la Base y el N en blanco (ver metodología en el brief)."
791,Regulación y prevención,Diferenciación de sitios legales vs. ilegales simulados,Identificación de la legitimidad del sitio simulado www.apuestasya.bet.ar,Legal,Género,Mujeres (Conoce a alguien),15,,,39,Tabla 15,Tabla,Única,No aplica,"Requiere la composición demográfica interna del subgrupo de exposición, que el informe no publica; para no encadenar dos inferencias porcentuales independientes se deja la Base y el N en blanco (ver metodología en el brief)."
792,Regulación y prevención,Diferenciación de sitios legales vs. ilegales simulados,Identificación de la legitimidad del sitio simulado www.apuestasya.bet.ar,Ilegal,Género,Mujeres (Conoce a alguien),18,,,39,Tabla 15,Tabla,Única,No aplica,"Requiere la composición demográfica interna del subgrupo de exposición, que el informe no publica; para no encadenar dos inferencias porcentuales independientes se deja la Base y el N en blanco (ver metodología en el brief)."
793,Regulación y prevención,Diferenciación de sitios legales vs. ilegales simulados,Identificación de la legitimidad del sitio simulado www.apuestasya.bet.ar,No estoy seguro/a,Género,Mujeres (Conoce a alguien),67,,,39,Tabla 15,Tabla,Única,No aplica,"Requiere la composición demográfica interna del subgrupo de exposición, que el informe no publica; para no encadenar dos inferencias porcentuales independientes se deja la Base y el N en blanco (ver metodología en el brief)."
794,Regulación y prevención,Diferenciación de sitios legales vs. ilegales simulados,Identificación de la legitimidad del sitio simulado www.apuestasya.bet.ar,Legal,Género,Varones (Conoce a alguien),33,,,39,Tabla 15,Tabla,Única,No aplica,"Requiere la composición demográfica interna del subgrupo de exposición, que el informe no publica; para no encadenar dos inferencias porcentuales independientes se deja la Base y el N en blanco (ver metodología en el brief)."
795,Regulación y prevención,Diferenciación de sitios legales vs. ilegales simulados,Identificación de la legitimidad del sitio simulado www.apuestasya.bet.ar,Ilegal,Género,Varones (Conoce a alguien),15,,,39,Tabla 15,Tabla,Única,No aplica,"Requiere la composición demográfica interna del subgrupo de exposición, que el informe no publica; para no encadenar dos inferencias porcentuales independientes se deja la Base y el N en blanco (ver metodología en el brief)."
796,Regulación y prevención,Diferenciación de sitios legales vs. ilegales simulados,Identificación de la legitimidad del sitio simulado www.apuestasya.bet.ar,No estoy seguro/a,Género,Varones (Conoce a alguien),52,,,39,Tabla 15,Tabla,Única,No aplica,"Requiere la composición demográfica interna del subgrupo de exposición, que el informe no publica; para no encadenar dos inferencias porcentuales independientes se deja la Base y el N en blanco (ver metodología en el brief)."
797,Regulación y prevención,Diferenciación de sitios legales vs. ilegales simulados,Identificación de la legitimidad del sitio simulado www.apuestasya.bet.ar,Legal,Edad,13 años (Conoce a alguien),29,,,39,Tabla 15,Tabla,Única,No aplica,"Requiere la composición demográfica interna del subgrupo de exposición, que el informe no publica; para no encadenar dos inferencias porcentuales independientes se deja la Base y el N en blanco (ver metodología en el brief)."
798,Regulación y prevención,Diferenciación de sitios legales vs. ilegales simulados,Identificación de la legitimidad del sitio simulado www.apuestasya.bet.ar,Ilegal,Edad,13 años (Conoce a alguien),16,,,39,Tabla 15,Tabla,Única,No aplica,"Requiere la composición demográfica interna del subgrupo de exposición, que el informe no publica; para no encadenar dos inferencias porcentuales independientes se deja la Base y el N en blanco (ver metodología en el brief)."
799,Regulación y prevención,Diferenciación de sitios legales vs. ilegales simulados,Identificación de la legitimidad del sitio simulado www.apuestasya.bet.ar,No estoy seguro/a,Edad,13 años (Conoce a alguien),56,,,39,Tabla 15,Tabla,Única,No aplica,"Requiere la composición demográfica interna del subgrupo de exposición, que el informe no publica; para no encadenar dos inferencias porcentuales independientes se deja la Base y el N en blanco (ver metodología en el brief)."
800,Regulación y prevención,Diferenciación de sitios legales vs. ilegales simulados,Identificación de la legitimidad del sitio simulado www.apuestasya.bet.ar,Legal,Edad,14 años (Conoce a alguien),23,,,39,Tabla 15,Tabla,Única,No aplica,"Requiere la composición demográfica interna del subgrupo de exposición, que el informe no publica; para no encadenar dos inferencias porcentuales independientes se deja la Base y el N en blanco (ver metodología en el brief)."
801,Regulación y prevención,Diferenciación de sitios legales vs. ilegales simulados,Identificación de la legitimidad del sitio simulado www.apuestasya.bet.ar,Ilegal,Edad,14 años (Conoce a alguien),14,,,39,Tabla 15,Tabla,Única,No aplica,"Requiere la composición demográfica interna del subgrupo de exposición, que el informe no publica; para no encadenar dos inferencias porcentuales independientes se deja la Base y el N en blanco (ver metodología en el brief)."
802,Regulación y prevención,Diferenciación de sitios legales vs. ilegales simulados,Identificación de la legitimidad del sitio simulado www.apuestasya.bet.ar,No estoy seguro/a,Edad,14 años (Conoce a alguien),64,,,39,Tabla 15,Tabla,Única,No aplica,"Requiere la composición demográfica interna del subgrupo de exposición, que el informe no publica; para no encadenar dos inferencias porcentuales independientes se deja la Base y el N en blanco (ver metodología en el brief)."
803,Regulación y prevención,Diferenciación de sitios legales vs. ilegales simulados,Identificación de la legitimidad del sitio simulado www.apuestasya.bet.ar,Legal,Edad,15 años (Conoce a alguien),26,,,39,Tabla 15,Tabla,Única,No aplica,"Requiere la composición demográfica interna del subgrupo de exposición, que el informe no publica; para no encadenar dos inferencias porcentuales independientes se deja la Base y el N en blanco (ver metodología en el brief)."
804,Regulación y prevención,Diferenciación de sitios legales vs. ilegales simulados,Identificación de la legitimidad del sitio simulado www.apuestasya.bet.ar,Ilegal,Edad,15 años (Conoce a alguien),18,,,39,Tabla 15,Tabla,Única,No aplica,"Requiere la composición demográfica interna del subgrupo de exposición, que el informe no publica; para no encadenar dos inferencias porcentuales independientes se deja la Base y el N en blanco (ver metodología en el brief)."
805,Regulación y prevención,Diferenciación de sitios legales vs. ilegales simulados,Identificación de la legitimidad del sitio simulado www.apuestasya.bet.ar,No estoy seguro/a,Edad,15 años (Conoce a alguien),56,,,39,Tabla 15,Tabla,Única,No aplica,"Requiere la composición demográfica interna del subgrupo de exposición, que el informe no publica; para no encadenar dos inferencias porcentuales independientes se deja la Base y el N en blanco (ver metodología en el brief)."
806,Regulación y prevención,Diferenciación de sitios legales vs. ilegales simulados,Identificación de la legitimidad del sitio simulado www.apuestasya.bet.ar,Legal,Edad,16 años (Conoce a alguien),26,,,39,Tabla 15,Tabla,Única,No aplica,"Requiere la composición demográfica interna del subgrupo de exposición, que el informe no publica; para no encadenar dos inferencias porcentuales independientes se deja la Base y el N en blanco (ver metodología en el brief)."
807,Regulación y prevención,Diferenciación de sitios legales vs. ilegales simulados,Identificación de la legitimidad del sitio simulado www.apuestasya.bet.ar,Ilegal,Edad,16 años (Conoce a alguien),17,,,39,Tabla 15,Tabla,Única,No aplica,"Requiere la composición demográfica interna del subgrupo de exposición, que el informe no publica; para no encadenar dos inferencias porcentuales independientes se deja la Base y el N en blanco (ver metodología en el brief)."
808,Regulación y prevención,Diferenciación de sitios legales vs. ilegales simulados,Identificación de la legitimidad del sitio simulado www.apuestasya.bet.ar,No estoy seguro/a,Edad,16 años (Conoce a alguien),57,,,39,Tabla 15,Tabla,Única,No aplica,"Requiere la composición demográfica interna del subgrupo de exposición, que el informe no publica; para no encadenar dos inferencias porcentuales independientes se deja la Base y el N en blanco (ver metodología en el brief)."
809,Regulación y prevención,Diferenciación de sitios legales vs. ilegales simulados,Identificación de la legitimidad del sitio simulado www.apuestasya.bet.ar,Legal,Edad,17 años (Conoce a alguien),20,,,39,Tabla 15,Tabla,Única,No aplica,"Requiere la composición demográfica interna del subgrupo de exposición, que el informe no publica; para no encadenar dos inferencias porcentuales independientes se deja la Base y el N en blanco (ver metodología en el brief)."
810,Regulación y prevención,Diferenciación de sitios legales vs. ilegales simulados,Identificación de la legitimidad del sitio simulado www.apuestasya.bet.ar,Ilegal,Edad,17 años (Conoce a alguien),18,,,39,Tabla 15,Tabla,Única,No aplica,"Requiere la composición demográfica interna del subgrupo de exposición, que el informe no publica; para no encadenar dos inferencias porcentuales independientes se deja la Base y el N en blanco (ver metodología en el brief)."
811,Regulación y prevención,Diferenciación de sitios legales vs. ilegales simulados,Identificación de la legitimidad del sitio simulado www.apuestasya.bet.ar,No estoy seguro/a,Edad,17 años (Conoce a alguien),62,,,39,Tabla 15,Tabla,Única,No aplica,"Requiere la composición demográfica interna del subgrupo de exposición, que el informe no publica; para no encadenar dos inferencias porcentuales independientes se deja la Base y el N en blanco (ver metodología en el brief)."
812,Regulación y prevención,Diferenciación de sitios legales vs. ilegales simulados,Identificación de la legitimidad del sitio simulado www.apuestasya.bet.ar,Legal,Edad,18 años (Conoce a alguien),19,,,39,Tabla 15,Tabla,Única,No aplica,"Requiere la composición demográfica interna del subgrupo de exposición, que el informe no publica; para no encadenar dos inferencias porcentuales independientes se deja la Base y el N en blanco (ver metodología en el brief)."
813,Regulación y prevención,Diferenciación de sitios legales vs. ilegales simulados,Identificación de la legitimidad del sitio simulado www.apuestasya.bet.ar,Ilegal,Edad,18 años (Conoce a alguien),14,,,39,Tabla 15,Tabla,Única,No aplica,"Requiere la composición demográfica interna del subgrupo de exposición, que el informe no publica; para no encadenar dos inferencias porcentuales independientes se deja la Base y el N en blanco (ver metodología en el brief)."
814,Regulación y prevención,Diferenciación de sitios legales vs. ilegales simulados,Identificación de la legitimidad del sitio simulado www.apuestasya.bet.ar,No estoy seguro/a,Edad,18 años (Conoce a alguien),67,,,39,Tabla 15,Tabla,Única,No aplica,"Requiere la composición demográfica interna del subgrupo de exposición, que el informe no publica; para no encadenar dos inferencias porcentuales independientes se deja la Base y el N en blanco (ver metodología en el brief)."
815,Regulación y prevención,Diferenciación de sitios legales vs. ilegales simulados,Identificación de la legitimidad del sitio simulado www.apuestasya.bet.ar,Legal,Género,Mujeres (No participa ni conoce a alguien),17,,,39,Tabla 15,Tabla,Única,No aplica,"Requiere la composición demográfica interna del subgrupo de exposición, que el informe no publica; para no encadenar dos inferencias porcentuales independientes se deja la Base y el N en blanco (ver metodología en el brief)."
816,Regulación y prevención,Diferenciación de sitios legales vs. ilegales simulados,Identificación de la legitimidad del sitio simulado www.apuestasya.bet.ar,Ilegal,Género,Mujeres (No participa ni conoce a alguien),14,,,39,Tabla 15,Tabla,Única,No aplica,"Requiere la composición demográfica interna del subgrupo de exposición, que el informe no publica; para no encadenar dos inferencias porcentuales independientes se deja la Base y el N en blanco (ver metodología en el brief)."
817,Regulación y prevención,Diferenciación de sitios legales vs. ilegales simulados,Identificación de la legitimidad del sitio simulado www.apuestasya.bet.ar,No estoy seguro/a,Género,Mujeres (No participa ni conoce a alguien),69,,,39,Tabla 15,Tabla,Única,No aplica,"Requiere la composición demográfica interna del subgrupo de exposición, que el informe no publica; para no encadenar dos inferencias porcentuales independientes se deja la Base y el N en blanco (ver metodología en el brief)."
818,Regulación y prevención,Diferenciación de sitios legales vs. ilegales simulados,Identificación de la legitimidad del sitio simulado www.apuestasya.bet.ar,Legal,Género,Varones (No participa ni conoce a alguien),28,,,39,Tabla 15,Tabla,Única,No aplica,"Requiere la composición demográfica interna del subgrupo de exposición, que el informe no publica; para no encadenar dos inferencias porcentuales independientes se deja la Base y el N en blanco (ver metodología en el brief)."
819,Regulación y prevención,Diferenciación de sitios legales vs. ilegales simulados,Identificación de la legitimidad del sitio simulado www.apuestasya.bet.ar,Ilegal,Género,Varones (No participa ni conoce a alguien),14,,,39,Tabla 15,Tabla,Única,No aplica,"Requiere la composición demográfica interna del subgrupo de exposición, que el informe no publica; para no encadenar dos inferencias porcentuales independientes se deja la Base y el N en blanco (ver metodología en el brief)."
820,Regulación y prevención,Diferenciación de sitios legales vs. ilegales simulados,Identificación de la legitimidad del sitio simulado www.apuestasya.bet.ar,No estoy seguro/a,Género,Varones (No participa ni conoce a alguien),58,,,39,Tabla 15,Tabla,Única,No aplica,"Requiere la composición demográfica interna del subgrupo de exposición, que el informe no publica; para no encadenar dos inferencias porcentuales independientes se deja la Base y el N en blanco (ver metodología en el brief)."
821,Regulación y prevención,Diferenciación de sitios legales vs. ilegales simulados,Identificación de la legitimidad del sitio simulado www.apuestasya.bet.ar,Legal,Edad,13 años (No participa ni conoce a alguien),21,,,39,Tabla 15,Tabla,Única,No aplica,"Requiere la composición demográfica interna del subgrupo de exposición, que el informe no publica; para no encadenar dos inferencias porcentuales independientes se deja la Base y el N en blanco (ver metodología en el brief)."
822,Regulación y prevención,Diferenciación de sitios legales vs. ilegales simulados,Identificación de la legitimidad del sitio simulado www.apuestasya.bet.ar,Ilegal,Edad,13 años (No participa ni conoce a alguien),14,,,39,Tabla 15,Tabla,Única,No aplica,"Requiere la composición demográfica interna del subgrupo de exposición, que el informe no publica; para no encadenar dos inferencias porcentuales independientes se deja la Base y el N en blanco (ver metodología en el brief)."
823,Regulación y prevención,Diferenciación de sitios legales vs. ilegales simulados,Identificación de la legitimidad del sitio simulado www.apuestasya.bet.ar,No estoy seguro/a,Edad,13 años (No participa ni conoce a alguien),65,,,39,Tabla 15,Tabla,Única,No aplica,"Requiere la composición demográfica interna del subgrupo de exposición, que el informe no publica; para no encadenar dos inferencias porcentuales independientes se deja la Base y el N en blanco (ver metodología en el brief)."
824,Regulación y prevención,Diferenciación de sitios legales vs. ilegales simulados,Identificación de la legitimidad del sitio simulado www.apuestasya.bet.ar,Legal,Edad,14 años (No participa ni conoce a alguien),20,,,39,Tabla 15,Tabla,Única,No aplica,"Requiere la composición demográfica interna del subgrupo de exposición, que el informe no publica; para no encadenar dos inferencias porcentuales independientes se deja la Base y el N en blanco (ver metodología en el brief)."
825,Regulación y prevención,Diferenciación de sitios legales vs. ilegales simulados,Identificación de la legitimidad del sitio simulado www.apuestasya.bet.ar,Ilegal,Edad,14 años (No participa ni conoce a alguien),12,,,39,Tabla 15,Tabla,Única,No aplica,"Requiere la composición demográfica interna del subgrupo de exposición, que el informe no publica; para no encadenar dos inferencias porcentuales independientes se deja la Base y el N en blanco (ver metodología en el brief)."
826,Regulación y prevención,Diferenciación de sitios legales vs. ilegales simulados,Identificación de la legitimidad del sitio simulado www.apuestasya.bet.ar,No estoy seguro/a,Edad,14 años (No participa ni conoce a alguien),68,,,39,Tabla 15,Tabla,Única,No aplica,"Requiere la composición demográfica interna del subgrupo de exposición, que el informe no publica; para no encadenar dos inferencias porcentuales independientes se deja la Base y el N en blanco (ver metodología en el brief)."
827,Regulación y prevención,Diferenciación de sitios legales vs. ilegales simulados,Identificación de la legitimidad del sitio simulado www.apuestasya.bet.ar,Legal,Edad,15 años (No participa ni conoce a alguien),22,,,39,Tabla 15,Tabla,Única,No aplica,"Requiere la composición demográfica interna del subgrupo de exposición, que el informe no publica; para no encadenar dos inferencias porcentuales independientes se deja la Base y el N en blanco (ver metodología en el brief)."
828,Regulación y prevención,Diferenciación de sitios legales vs. ilegales simulados,Identificación de la legitimidad del sitio simulado www.apuestasya.bet.ar,Ilegal,Edad,15 años (No participa ni conoce a alguien),17,,,39,Tabla 15,Tabla,Única,No aplica,"Requiere la composición demográfica interna del subgrupo de exposición, que el informe no publica; para no encadenar dos inferencias porcentuales independientes se deja la Base y el N en blanco (ver metodología en el brief)."
829,Regulación y prevención,Diferenciación de sitios legales vs. ilegales simulados,Identificación de la legitimidad del sitio simulado www.apuestasya.bet.ar,No estoy seguro/a,Edad,15 años (No participa ni conoce a alguien),61,,,39,Tabla 15,Tabla,Única,No aplica,"Requiere la composición demográfica interna del subgrupo de exposición, que el informe no publica; para no encadenar dos inferencias porcentuales independientes se deja la Base y el N en blanco (ver metodología en el brief)."
830,Regulación y prevención,Diferenciación de sitios legales vs. ilegales simulados,Identificación de la legitimidad del sitio simulado www.apuestasya.bet.ar,Legal,Edad,16 años (No participa ni conoce a alguien),21,,,39,Tabla 15,Tabla,Única,No aplica,"Requiere la composición demográfica interna del subgrupo de exposición, que el informe no publica; para no encadenar dos inferencias porcentuales independientes se deja la Base y el N en blanco (ver metodología en el brief)."
831,Regulación y prevención,Diferenciación de sitios legales vs. ilegales simulados,Identificación de la legitimidad del sitio simulado www.apuestasya.bet.ar,Ilegal,Edad,16 años (No participa ni conoce a alguien),18,,,39,Tabla 15,Tabla,Única,No aplica,"Requiere la composición demográfica interna del subgrupo de exposición, que el informe no publica; para no encadenar dos inferencias porcentuales independientes se deja la Base y el N en blanco (ver metodología en el brief)."
832,Regulación y prevención,Diferenciación de sitios legales vs. ilegales simulados,Identificación de la legitimidad del sitio simulado www.apuestasya.bet.ar,No estoy seguro/a,Edad,16 años (No participa ni conoce a alguien),61,,,39,Tabla 15,Tabla,Única,No aplica,"Requiere la composición demográfica interna del subgrupo de exposición, que el informe no publica; para no encadenar dos inferencias porcentuales independientes se deja la Base y el N en blanco (ver metodología en el brief)."
833,Regulación y prevención,Diferenciación de sitios legales vs. ilegales simulados,Identificación de la legitimidad del sitio simulado www.apuestasya.bet.ar,Legal,Edad,17 años (No participa ni conoce a alguien),28,,,39,Tabla 15,Tabla,Única,No aplica,"Requiere la composición demográfica interna del subgrupo de exposición, que el informe no publica; para no encadenar dos inferencias porcentuales independientes se deja la Base y el N en blanco (ver metodología en el brief)."
834,Regulación y prevención,Diferenciación de sitios legales vs. ilegales simulados,Identificación de la legitimidad del sitio simulado www.apuestasya.bet.ar,Ilegal,Edad,17 años (No participa ni conoce a alguien),10,,,39,Tabla 15,Tabla,Única,No aplica,"Requiere la composición demográfica interna del subgrupo de exposición, que el informe no publica; para no encadenar dos inferencias porcentuales independientes se deja la Base y el N en blanco (ver metodología en el brief)."
835,Regulación y prevención,Diferenciación de sitios legales vs. ilegales simulados,Identificación de la legitimidad del sitio simulado www.apuestasya.bet.ar,No estoy seguro/a,Edad,17 años (No participa ni conoce a alguien),62,,,39,Tabla 15,Tabla,Única,No aplica,"Requiere la composición demográfica interna del subgrupo de exposición, que el informe no publica; para no encadenar dos inferencias porcentuales independientes se deja la Base y el N en blanco (ver metodología en el brief)."
836,Regulación y prevención,Diferenciación de sitios legales vs. ilegales simulados,Identificación de la legitimidad del sitio simulado www.apuestasya.bet.ar,Legal,Edad,18 años (No participa ni conoce a alguien),22,,,39,Tabla 15,Tabla,Única,No aplica,"Requiere la composición demográfica interna del subgrupo de exposición, que el informe no publica; para no encadenar dos inferencias porcentuales independientes se deja la Base y el N en blanco (ver metodología en el brief)."
837,Regulación y prevención,Diferenciación de sitios legales vs. ilegales simulados,Identificación de la legitimidad del sitio simulado www.apuestasya.bet.ar,Ilegal,Edad,18 años (No participa ni conoce a alguien),9,,,39,Tabla 15,Tabla,Única,No aplica,"Requiere la composición demográfica interna del subgrupo de exposición, que el informe no publica; para no encadenar dos inferencias porcentuales independientes se deja la Base y el N en blanco (ver metodología en el brief)."
838,Regulación y prevención,Diferenciación de sitios legales vs. ilegales simulados,Identificación de la legitimidad del sitio simulado www.apuestasya.bet.ar,No estoy seguro/a,Edad,18 años (No participa ni conoce a alguien),68,,,39,Tabla 15,Tabla,Única,No aplica,"Requiere la composición demográfica interna del subgrupo de exposición, que el informe no publica; para no encadenar dos inferencias porcentuales independientes se deja la Base y el N en blanco (ver metodología en el brief)."
839,Regulación y prevención,Diferenciación de sitios legales vs. ilegales simulados,Identificación de la legitimidad del sitio simulado www.apuestasya.bet.ar,Legal,Región,AMBA (Participa en apuestas),47,,,40,Tabla 16,Tabla,Única,No aplica,"Requiere la composición demográfica interna del subgrupo de exposición, que el informe no publica; para no encadenar dos inferencias porcentuales independientes se deja la Base y el N en blanco (ver metodología en el brief)."
840,Regulación y prevención,Diferenciación de sitios legales vs. ilegales simulados,Identificación de la legitimidad del sitio simulado www.apuestasya.bet.ar,Ilegal,Región,AMBA (Participa en apuestas),12,,,40,Tabla 16,Tabla,Única,No aplica,"Requiere la composición demográfica interna del subgrupo de exposición, que el informe no publica; para no encadenar dos inferencias porcentuales independientes se deja la Base y el N en blanco (ver metodología en el brief)."
841,Regulación y prevención,Diferenciación de sitios legales vs. ilegales simulados,Identificación de la legitimidad del sitio simulado www.apuestasya.bet.ar,No estoy seguro/a,Región,AMBA (Participa en apuestas),42,,,40,Tabla 16,Tabla,Única,No aplica,"Requiere la composición demográfica interna del subgrupo de exposición, que el informe no publica; para no encadenar dos inferencias porcentuales independientes se deja la Base y el N en blanco (ver metodología en el brief)."
842,Regulación y prevención,Diferenciación de sitios legales vs. ilegales simulados,Identificación de la legitimidad del sitio simulado www.apuestasya.bet.ar,Legal,Región,Centro (Participa en apuestas),39,,,40,Tabla 16,Tabla,Única,No aplica,"Requiere la composición demográfica interna del subgrupo de exposición, que el informe no publica; para no encadenar dos inferencias porcentuales independientes se deja la Base y el N en blanco (ver metodología en el brief)."
843,Regulación y prevención,Diferenciación de sitios legales vs. ilegales simulados,Identificación de la legitimidad del sitio simulado www.apuestasya.bet.ar,Ilegal,Región,Centro (Participa en apuestas),13,,,40,Tabla 16,Tabla,Única,No aplica,"Requiere la composición demográfica interna del subgrupo de exposición, que el informe no publica; para no encadenar dos inferencias porcentuales independientes se deja la Base y el N en blanco (ver metodología en el brief)."
844,Regulación y prevención,Diferenciación de sitios legales vs. ilegales simulados,Identificación de la legitimidad del sitio simulado www.apuestasya.bet.ar,No estoy seguro/a,Región,Centro (Participa en apuestas),49,,,40,Tabla 16,Tabla,Única,No aplica,"Requiere la composición demográfica interna del subgrupo de exposición, que el informe no publica; para no encadenar dos inferencias porcentuales independientes se deja la Base y el N en blanco (ver metodología en el brief)."
845,Regulación y prevención,Diferenciación de sitios legales vs. ilegales simulados,Identificación de la legitimidad del sitio simulado www.apuestasya.bet.ar,Legal,Región,Cuyo (Participa en apuestas),23,,,40,Tabla 16,Tabla,Única,No aplica,"Requiere la composición demográfica interna del subgrupo de exposición, que el informe no publica; para no encadenar dos inferencias porcentuales independientes se deja la Base y el N en blanco (ver metodología en el brief)."
846,Regulación y prevención,Diferenciación de sitios legales vs. ilegales simulados,Identificación de la legitimidad del sitio simulado www.apuestasya.bet.ar,Ilegal,Región,Cuyo (Participa en apuestas),6,,,40,Tabla 16,Tabla,Única,No aplica,"Requiere la composición demográfica interna del subgrupo de exposición, que el informe no publica; para no encadenar dos inferencias porcentuales independientes se deja la Base y el N en blanco (ver metodología en el brief)."
847,Regulación y prevención,Diferenciación de sitios legales vs. ilegales simulados,Identificación de la legitimidad del sitio simulado www.apuestasya.bet.ar,No estoy seguro/a,Región,Cuyo (Participa en apuestas),71,,,40,Tabla 16,Tabla,Única,No aplica,"Requiere la composición demográfica interna del subgrupo de exposición, que el informe no publica; para no encadenar dos inferencias porcentuales independientes se deja la Base y el N en blanco (ver metodología en el brief)."
848,Regulación y prevención,Diferenciación de sitios legales vs. ilegales simulados,Identificación de la legitimidad del sitio simulado www.apuestasya.bet.ar,Legal,Región,NEA (Participa en apuestas),25,,,40,Tabla 16,Tabla,Única,No aplica,"Requiere la composición demográfica interna del subgrupo de exposición, que el informe no publica; para no encadenar dos inferencias porcentuales independientes se deja la Base y el N en blanco (ver metodología en el brief)."
849,Regulación y prevención,Diferenciación de sitios legales vs. ilegales simulados,Identificación de la legitimidad del sitio simulado www.apuestasya.bet.ar,Ilegal,Región,NEA (Participa en apuestas),13,,,40,Tabla 16,Tabla,Única,No aplica,"Requiere la composición demográfica interna del subgrupo de exposición, que el informe no publica; para no encadenar dos inferencias porcentuales independientes se deja la Base y el N en blanco (ver metodología en el brief)."
850,Regulación y prevención,Diferenciación de sitios legales vs. ilegales simulados,Identificación de la legitimidad del sitio simulado www.apuestasya.bet.ar,No estoy seguro/a,Región,NEA (Participa en apuestas),62,,,40,Tabla 16,Tabla,Única,No aplica,"Requiere la composición demográfica interna del subgrupo de exposición, que el informe no publica; para no encadenar dos inferencias porcentuales independientes se deja la Base y el N en blanco (ver metodología en el brief)."
851,Regulación y prevención,Diferenciación de sitios legales vs. ilegales simulados,Identificación de la legitimidad del sitio simulado www.apuestasya.bet.ar,Legal,Región,NOA (Participa en apuestas),31,,,40,Tabla 16,Tabla,Única,No aplica,"Requiere la composición demográfica interna del subgrupo de exposición, que el informe no publica; para no encadenar dos inferencias porcentuales independientes se deja la Base y el N en blanco (ver metodología en el brief)."
852,Regulación y prevención,Diferenciación de sitios legales vs. ilegales simulados,Identificación de la legitimidad del sitio simulado www.apuestasya.bet.ar,Ilegal,Región,NOA (Participa en apuestas),18,,,40,Tabla 16,Tabla,Única,No aplica,"Requiere la composición demográfica interna del subgrupo de exposición, que el informe no publica; para no encadenar dos inferencias porcentuales independientes se deja la Base y el N en blanco (ver metodología en el brief)."
853,Regulación y prevención,Diferenciación de sitios legales vs. ilegales simulados,Identificación de la legitimidad del sitio simulado www.apuestasya.bet.ar,No estoy seguro/a,Región,NOA (Participa en apuestas),51,,,40,Tabla 16,Tabla,Única,No aplica,"Requiere la composición demográfica interna del subgrupo de exposición, que el informe no publica; para no encadenar dos inferencias porcentuales independientes se deja la Base y el N en blanco (ver metodología en el brief)."
854,Regulación y prevención,Diferenciación de sitios legales vs. ilegales simulados,Identificación de la legitimidad del sitio simulado www.apuestasya.bet.ar,Legal,Región,Patagonia (Participa en apuestas),39,,,40,Tabla 16,Tabla,Única,No aplica,"Requiere la composición demográfica interna del subgrupo de exposición, que el informe no publica; para no encadenar dos inferencias porcentuales independientes se deja la Base y el N en blanco (ver metodología en el brief)."
855,Regulación y prevención,Diferenciación de sitios legales vs. ilegales simulados,Identificación de la legitimidad del sitio simulado www.apuestasya.bet.ar,Ilegal,Región,Patagonia (Participa en apuestas),12,,,40,Tabla 16,Tabla,Única,No aplica,"Requiere la composición demográfica interna del subgrupo de exposición, que el informe no publica; para no encadenar dos inferencias porcentuales independientes se deja la Base y el N en blanco (ver metodología en el brief)."
856,Regulación y prevención,Diferenciación de sitios legales vs. ilegales simulados,Identificación de la legitimidad del sitio simulado www.apuestasya.bet.ar,No estoy seguro/a,Región,Patagonia (Participa en apuestas),49,,,40,Tabla 16,Tabla,Única,No aplica,"Requiere la composición demográfica interna del subgrupo de exposición, que el informe no publica; para no encadenar dos inferencias porcentuales independientes se deja la Base y el N en blanco (ver metodología en el brief)."
857,Regulación y prevención,Diferenciación de sitios legales vs. ilegales simulados,Identificación de la legitimidad del sitio simulado www.apuestasya.bet.ar,Legal,Región,AMBA (Conoce a alguien),25,,,40,Tabla 16,Tabla,Única,No aplica,"Requiere la composición demográfica interna del subgrupo de exposición, que el informe no publica; para no encadenar dos inferencias porcentuales independientes se deja la Base y el N en blanco (ver metodología en el brief)."
858,Regulación y prevención,Diferenciación de sitios legales vs. ilegales simulados,Identificación de la legitimidad del sitio simulado www.apuestasya.bet.ar,Ilegal,Región,AMBA (Conoce a alguien),15,,,40,Tabla 16,Tabla,Única,No aplica,"Requiere la composición demográfica interna del subgrupo de exposición, que el informe no publica; para no encadenar dos inferencias porcentuales independientes se deja la Base y el N en blanco (ver metodología en el brief)."
859,Regulación y prevención,Diferenciación de sitios legales vs. ilegales simulados,Identificación de la legitimidad del sitio simulado www.apuestasya.bet.ar,No estoy seguro/a,Región,AMBA (Conoce a alguien),60,,,40,Tabla 16,Tabla,Única,No aplica,"Requiere la composición demográfica interna del subgrupo de exposición, que el informe no publica; para no encadenar dos inferencias porcentuales independientes se deja la Base y el N en blanco (ver metodología en el brief)."
860,Regulación y prevención,Diferenciación de sitios legales vs. ilegales simulados,Identificación de la legitimidad del sitio simulado www.apuestasya.bet.ar,Legal,Región,Centro (Conoce a alguien),26,,,40,Tabla 16,Tabla,Única,No aplica,"Requiere la composición demográfica interna del subgrupo de exposición, que el informe no publica; para no encadenar dos inferencias porcentuales independientes se deja la Base y el N en blanco (ver metodología en el brief)."
861,Regulación y prevención,Diferenciación de sitios legales vs. ilegales simulados,Identificación de la legitimidad del sitio simulado www.apuestasya.bet.ar,Ilegal,Región,Centro (Conoce a alguien),14,,,40,Tabla 16,Tabla,Única,No aplica,"Requiere la composición demográfica interna del subgrupo de exposición, que el informe no publica; para no encadenar dos inferencias porcentuales independientes se deja la Base y el N en blanco (ver metodología en el brief)."
862,Regulación y prevención,Diferenciación de sitios legales vs. ilegales simulados,Identificación de la legitimidad del sitio simulado www.apuestasya.bet.ar,No estoy seguro/a,Región,Centro (Conoce a alguien),60,,,40,Tabla 16,Tabla,Única,No aplica,"Requiere la composición demográfica interna del subgrupo de exposición, que el informe no publica; para no encadenar dos inferencias porcentuales independientes se deja la Base y el N en blanco (ver metodología en el brief)."
863,Regulación y prevención,Diferenciación de sitios legales vs. ilegales simulados,Identificación de la legitimidad del sitio simulado www.apuestasya.bet.ar,Legal,Región,Cuyo (Conoce a alguien),26,,,40,Tabla 16,Tabla,Única,No aplica,"Requiere la composición demográfica interna del subgrupo de exposición, que el informe no publica; para no encadenar dos inferencias porcentuales independientes se deja la Base y el N en blanco (ver metodología en el brief)."
864,Regulación y prevención,Diferenciación de sitios legales vs. ilegales simulados,Identificación de la legitimidad del sitio simulado www.apuestasya.bet.ar,Ilegal,Región,Cuyo (Conoce a alguien),16,,,40,Tabla 16,Tabla,Única,No aplica,"Requiere la composición demográfica interna del subgrupo de exposición, que el informe no publica; para no encadenar dos inferencias porcentuales independientes se deja la Base y el N en blanco (ver metodología en el brief)."
865,Regulación y prevención,Diferenciación de sitios legales vs. ilegales simulados,Identificación de la legitimidad del sitio simulado www.apuestasya.bet.ar,No estoy seguro/a,Región,Cuyo (Conoce a alguien),58,,,40,Tabla 16,Tabla,Única,No aplica,"Requiere la composición demográfica interna del subgrupo de exposición, que el informe no publica; para no encadenar dos inferencias porcentuales independientes se deja la Base y el N en blanco (ver metodología en el brief)."
866,Regulación y prevención,Diferenciación de sitios legales vs. ilegales simulados,Identificación de la legitimidad del sitio simulado www.apuestasya.bet.ar,Legal,Región,NEA (Conoce a alguien),20,,,40,Tabla 16,Tabla,Única,No aplica,"Requiere la composición demográfica interna del subgrupo de exposición, que el informe no publica; para no encadenar dos inferencias porcentuales independientes se deja la Base y el N en blanco (ver metodología en el brief)."
867,Regulación y prevención,Diferenciación de sitios legales vs. ilegales simulados,Identificación de la legitimidad del sitio simulado www.apuestasya.bet.ar,Ilegal,Región,NEA (Conoce a alguien),20,,,40,Tabla 16,Tabla,Única,No aplica,"Requiere la composición demográfica interna del subgrupo de exposición, que el informe no publica; para no encadenar dos inferencias porcentuales independientes se deja la Base y el N en blanco (ver metodología en el brief)."
868,Regulación y prevención,Diferenciación de sitios legales vs. ilegales simulados,Identificación de la legitimidad del sitio simulado www.apuestasya.bet.ar,No estoy seguro/a,Región,NEA (Conoce a alguien),60,,,40,Tabla 16,Tabla,Única,No aplica,"Requiere la composición demográfica interna del subgrupo de exposición, que el informe no publica; para no encadenar dos inferencias porcentuales independientes se deja la Base y el N en blanco (ver metodología en el brief)."
869,Regulación y prevención,Diferenciación de sitios legales vs. ilegales simulados,Identificación de la legitimidad del sitio simulado www.apuestasya.bet.ar,Legal,Región,NOA (Conoce a alguien),20,,,40,Tabla 16,Tabla,Única,No aplica,"Requiere la composición demográfica interna del subgrupo de exposición, que el informe no publica; para no encadenar dos inferencias porcentuales independientes se deja la Base y el N en blanco (ver metodología en el brief)."
870,Regulación y prevención,Diferenciación de sitios legales vs. ilegales simulados,Identificación de la legitimidad del sitio simulado www.apuestasya.bet.ar,Ilegal,Región,NOA (Conoce a alguien),21,,,40,Tabla 16,Tabla,Única,No aplica,"Requiere la composición demográfica interna del subgrupo de exposición, que el informe no publica; para no encadenar dos inferencias porcentuales independientes se deja la Base y el N en blanco (ver metodología en el brief)."
871,Regulación y prevención,Diferenciación de sitios legales vs. ilegales simulados,Identificación de la legitimidad del sitio simulado www.apuestasya.bet.ar,No estoy seguro/a,Región,NOA (Conoce a alguien),59,,,40,Tabla 16,Tabla,Única,No aplica,"Requiere la composición demográfica interna del subgrupo de exposición, que el informe no publica; para no encadenar dos inferencias porcentuales independientes se deja la Base y el N en blanco (ver metodología en el brief)."
872,Regulación y prevención,Diferenciación de sitios legales vs. ilegales simulados,Identificación de la legitimidad del sitio simulado www.apuestasya.bet.ar,Legal,Región,Patagonia (Conoce a alguien),24,,,40,Tabla 16,Tabla,Única,No aplica,"Requiere la composición demográfica interna del subgrupo de exposición, que el informe no publica; para no encadenar dos inferencias porcentuales independientes se deja la Base y el N en blanco (ver metodología en el brief)."
873,Regulación y prevención,Diferenciación de sitios legales vs. ilegales simulados,Identificación de la legitimidad del sitio simulado www.apuestasya.bet.ar,Ilegal,Región,Patagonia (Conoce a alguien),20,,,40,Tabla 16,Tabla,Única,No aplica,"Requiere la composición demográfica interna del subgrupo de exposición, que el informe no publica; para no encadenar dos inferencias porcentuales independientes se deja la Base y el N en blanco (ver metodología en el brief)."
874,Regulación y prevención,Diferenciación de sitios legales vs. ilegales simulados,Identificación de la legitimidad del sitio simulado www.apuestasya.bet.ar,No estoy seguro/a,Región,Patagonia (Conoce a alguien),56,,,40,Tabla 16,Tabla,Única,No aplica,"Requiere la composición demográfica interna del subgrupo de exposición, que el informe no publica; para no encadenar dos inferencias porcentuales independientes se deja la Base y el N en blanco (ver metodología en el brief)."
875,Regulación y prevención,Diferenciación de sitios legales vs. ilegales simulados,Identificación de la legitimidad del sitio simulado www.apuestasya.bet.ar,Legal,Región,AMBA (No participa ni conoce a alguien),23,,,40,Tabla 16,Tabla,Única,No aplica,"Requiere la composición demográfica interna del subgrupo de exposición, que el informe no publica; para no encadenar dos inferencias porcentuales independientes se deja la Base y el N en blanco (ver metodología en el brief)."
876,Regulación y prevención,Diferenciación de sitios legales vs. ilegales simulados,Identificación de la legitimidad del sitio simulado www.apuestasya.bet.ar,Ilegal,Región,AMBA (No participa ni conoce a alguien),12,,,40,Tabla 16,Tabla,Única,No aplica,"Requiere la composición demográfica interna del subgrupo de exposición, que el informe no publica; para no encadenar dos inferencias porcentuales independientes se deja la Base y el N en blanco (ver metodología en el brief)."
877,Regulación y prevención,Diferenciación de sitios legales vs. ilegales simulados,Identificación de la legitimidad del sitio simulado www.apuestasya.bet.ar,No estoy seguro/a,Región,AMBA (No participa ni conoce a alguien),66,,,40,Tabla 16,Tabla,Única,No aplica,"Requiere la composición demográfica interna del subgrupo de exposición, que el informe no publica; para no encadenar dos inferencias porcentuales independientes se deja la Base y el N en blanco (ver metodología en el brief)."
878,Regulación y prevención,Diferenciación de sitios legales vs. ilegales simulados,Identificación de la legitimidad del sitio simulado www.apuestasya.bet.ar,Legal,Región,Centro (No participa ni conoce a alguien),21,,,40,Tabla 16,Tabla,Única,No aplica,"Requiere la composición demográfica interna del subgrupo de exposición, que el informe no publica; para no encadenar dos inferencias porcentuales independientes se deja la Base y el N en blanco (ver metodología en el brief)."
879,Regulación y prevención,Diferenciación de sitios legales vs. ilegales simulados,Identificación de la legitimidad del sitio simulado www.apuestasya.bet.ar,Ilegal,Región,Centro (No participa ni conoce a alguien),14,,,40,Tabla 16,Tabla,Única,No aplica,"Requiere la composición demográfica interna del subgrupo de exposición, que el informe no publica; para no encadenar dos inferencias porcentuales independientes se deja la Base y el N en blanco (ver metodología en el brief)."
880,Regulación y prevención,Diferenciación de sitios legales vs. ilegales simulados,Identificación de la legitimidad del sitio simulado www.apuestasya.bet.ar,No estoy seguro/a,Región,Centro (No participa ni conoce a alguien),65,,,40,Tabla 16,Tabla,Única,No aplica,"Requiere la composición demográfica interna del subgrupo de exposición, que el informe no publica; para no encadenar dos inferencias porcentuales independientes se deja la Base y el N en blanco (ver metodología en el brief)."
881,Regulación y prevención,Diferenciación de sitios legales vs. ilegales simulados,Identificación de la legitimidad del sitio simulado www.apuestasya.bet.ar,Legal,Región,Cuyo (No participa ni conoce a alguien),24,,,40,Tabla 16,Tabla,Única,No aplica,"Requiere la composición demográfica interna del subgrupo de exposición, que el informe no publica; para no encadenar dos inferencias porcentuales independientes se deja la Base y el N en blanco (ver metodología en el brief)."
882,Regulación y prevención,Diferenciación de sitios legales vs. ilegales simulados,Identificación de la legitimidad del sitio simulado www.apuestasya.bet.ar,Ilegal,Región,Cuyo (No participa ni conoce a alguien),14,,,40,Tabla 16,Tabla,Única,No aplica,"Requiere la composición demográfica interna del subgrupo de exposición, que el informe no publica; para no encadenar dos inferencias porcentuales independientes se deja la Base y el N en blanco (ver metodología en el brief)."
883,Regulación y prevención,Diferenciación de sitios legales vs. ilegales simulados,Identificación de la legitimidad del sitio simulado www.apuestasya.bet.ar,No estoy seguro/a,Región,Cuyo (No participa ni conoce a alguien),62,,,40,Tabla 16,Tabla,Única,No aplica,"Requiere la composición demográfica interna del subgrupo de exposición, que el informe no publica; para no encadenar dos inferencias porcentuales independientes se deja la Base y el N en blanco (ver metodología en el brief)."
884,Regulación y prevención,Diferenciación de sitios legales vs. ilegales simulados,Identificación de la legitimidad del sitio simulado www.apuestasya.bet.ar,Legal,Región,NEA (No participa ni conoce a alguien),24,,,40,Tabla 16,Tabla,Única,No aplica,"Requiere la composición demográfica interna del subgrupo de exposición, que el informe no publica; para no encadenar dos inferencias porcentuales independientes se deja la Base y el N en blanco (ver metodología en el brief)."
885,Regulación y prevención,Diferenciación de sitios legales vs. ilegales simulados,Identificación de la legitimidad del sitio simulado www.apuestasya.bet.ar,Ilegal,Región,NEA (No participa ni conoce a alguien),13,,,40,Tabla 16,Tabla,Única,No aplica,"Requiere la composición demográfica interna del subgrupo de exposición, que el informe no publica; para no encadenar dos inferencias porcentuales independientes se deja la Base y el N en blanco (ver metodología en el brief)."
886,Regulación y prevención,Diferenciación de sitios legales vs. ilegales simulados,Identificación de la legitimidad del sitio simulado www.apuestasya.bet.ar,No estoy seguro/a,Región,NEA (No participa ni conoce a alguien),64,,,40,Tabla 16,Tabla,Única,No aplica,"Requiere la composición demográfica interna del subgrupo de exposición, que el informe no publica; para no encadenar dos inferencias porcentuales independientes se deja la Base y el N en blanco (ver metodología en el brief)."
887,Regulación y prevención,Diferenciación de sitios legales vs. ilegales simulados,Identificación de la legitimidad del sitio simulado www.apuestasya.bet.ar,Legal,Región,NOA (No participa ni conoce a alguien),22,,,40,Tabla 16,Tabla,Única,No aplica,"Requiere la composición demográfica interna del subgrupo de exposición, que el informe no publica; para no encadenar dos inferencias porcentuales independientes se deja la Base y el N en blanco (ver metodología en el brief)."
888,Regulación y prevención,Diferenciación de sitios legales vs. ilegales simulados,Identificación de la legitimidad del sitio simulado www.apuestasya.bet.ar,Ilegal,Región,NOA (No participa ni conoce a alguien),19,,,40,Tabla 16,Tabla,Única,No aplica,"Requiere la composición demográfica interna del subgrupo de exposición, que el informe no publica; para no encadenar dos inferencias porcentuales independientes se deja la Base y el N en blanco (ver metodología en el brief)."
889,Regulación y prevención,Diferenciación de sitios legales vs. ilegales simulados,Identificación de la legitimidad del sitio simulado www.apuestasya.bet.ar,No estoy seguro/a,Región,NOA (No participa ni conoce a alguien),59,,,40,Tabla 16,Tabla,Única,No aplica,"Requiere la composición demográfica interna del subgrupo de exposición, que el informe no publica; para no encadenar dos inferencias porcentuales independientes se deja la Base y el N en blanco (ver metodología en el brief)."
890,Regulación y prevención,Diferenciación de sitios legales vs. ilegales simulados,Identificación de la legitimidad del sitio simulado www.apuestasya.bet.ar,Legal,Región,Patagonia (No participa ni conoce a alguien),19,,,40,Tabla 16,Tabla,Única,No aplica,"Requiere la composición demográfica interna del subgrupo de exposición, que el informe no publica; para no encadenar dos inferencias porcentuales independientes se deja la Base y el N en blanco (ver metodología en el brief)."
891,Regulación y prevención,Diferenciación de sitios legales vs. ilegales simulados,Identificación de la legitimidad del sitio simulado www.apuestasya.bet.ar,Ilegal,Región,Patagonia (No participa ni conoce a alguien),16,,,40,Tabla 16,Tabla,Única,No aplica,"Requiere la composición demográfica interna del subgrupo de exposición, que el informe no publica; para no encadenar dos inferencias porcentuales independientes se deja la Base y el N en blanco (ver metodología en el brief)."
892,Regulación y prevención,Diferenciación de sitios legales vs. ilegales simulados,Identificación de la legitimidad del sitio simulado www.apuestasya.bet.ar,No estoy seguro/a,Región,Patagonia (No participa ni conoce a alguien),66,,,40,Tabla 16,Tabla,Única,No aplica,"Requiere la composición demográfica interna del subgrupo de exposición, que el informe no publica; para no encadenar dos inferencias porcentuales independientes se deja la Base y el N en blanco (ver metodología en el brief)."
893,Regulación y prevención,Preocupación y abordajes de la problemática,Nivel de preocupación por el tema apuestas online,No me preocupa,Tipo de exposición,Participa en apuestas,40,1827,731,41,Gráfico 16,Gráfico,Única,Inferida,
894,Regulación y prevención,Preocupación y abordajes de la problemática,Nivel de preocupación por el tema apuestas online,Me preocupa poco,Tipo de exposición,Participa en apuestas,40,1827,731,41,Gráfico 16,Gráfico,Única,Inferida,
895,Regulación y prevención,Preocupación y abordajes de la problemática,Nivel de preocupación por el tema apuestas online,Me preocupa bastante,Tipo de exposición,Participa en apuestas,14,1827,256,41,Gráfico 16,Gráfico,Única,Inferida,
896,Regulación y prevención,Preocupación y abordajes de la problemática,Nivel de preocupación por el tema apuestas online,Me preocupa mucho,Tipo de exposición,Participa en apuestas,6,1827,110,41,Gráfico 16,Gráfico,Única,Inferida,
897,Regulación y prevención,Preocupación y abordajes de la problemática,Nivel de preocupación por el tema apuestas online,No me preocupa,Tipo de exposición,Conoce a alguien,21,5139,1079,41,Gráfico 16,Gráfico,Única,Inferida,
898,Regulación y prevención,Preocupación y abordajes de la problemática,Nivel de preocupación por el tema apuestas online,Me preocupa poco,Tipo de exposición,Conoce a alguien,43,5139,2210,41,Gráfico 16,Gráfico,Única,Inferida,
899,Regulación y prevención,Preocupación y abordajes de la problemática,Nivel de preocupación por el tema apuestas online,Me preocupa bastante,Tipo de exposición,Conoce a alguien,27,5139,1388,41,Gráfico 16,Gráfico,Única,Inferida,
900,Regulación y prevención,Preocupación y abordajes de la problemática,Nivel de preocupación por el tema apuestas online,Me preocupa mucho,Tipo de exposición,Conoce a alguien,9,5139,463,41,Gráfico 16,Gráfico,Única,Inferida,
901,Regulación y prevención,Preocupación y abordajes de la problemática,Nivel de preocupación por el tema apuestas online,No me preocupa,Tipo de exposición,No participa ni conoce a alguien,20,3084,617,41,Gráfico 16,Gráfico,Única,Inferida,
902,Regulación y prevención,Preocupación y abordajes de la problemática,Nivel de preocupación por el tema apuestas online,Me preocupa poco,Tipo de exposición,No participa ni conoce a alguien,40,3084,1234,41,Gráfico 16,Gráfico,Única,Inferida,
903,Regulación y prevención,Preocupación y abordajes de la problemática,Nivel de preocupación por el tema apuestas online,Me preocupa bastante,Tipo de exposición,No participa ni conoce a alguien,27,3084,833,41,Gráfico 16,Gráfico,Única,Inferida,
904,Regulación y prevención,Preocupación y abordajes de la problemática,Nivel de preocupación por el tema apuestas online,Me preocupa mucho,Tipo de exposición,No participa ni conoce a alguien,12,3084,370,41,Gráfico 16,Gráfico,Única,Inferida,
905,Regulación y prevención,Preocupación y abordajes de la problemática,Frecuencia de abordaje del tema en el hogar,Nunca se habla,Tipo de exposición,Participa en apuestas,43,1827,786,41,Gráfico 17,Gráfico,Única,Inferida,
906,Regulación y prevención,Preocupación y abordajes de la problemática,Frecuencia de abordaje del tema en el hogar,Se habla poco,Tipo de exposición,Participa en apuestas,41,1827,749,41,Gráfico 17,Gráfico,Única,Inferida,
907,Regulación y prevención,Preocupación y abordajes de la problemática,Frecuencia de abordaje del tema en el hogar,Se habla mucho,Tipo de exposición,Participa en apuestas,12,1827,219,41,Gráfico 17,Gráfico,Única,Inferida,
908,Regulación y prevención,Preocupación y abordajes de la problemática,Frecuencia de abordaje del tema en el hogar,Se habla permanentemente,Tipo de exposición,Participa en apuestas,3,1827,55,41,Gráfico 17,Gráfico,Única,Inferida,
909,Regulación y prevención,Preocupación y abordajes de la problemática,Frecuencia de abordaje del tema en el hogar,Nunca se habla,Tipo de exposición,Conoce a alguien,43,5139,2210,41,Gráfico 17,Gráfico,Única,Inferida,
910,Regulación y prevención,Preocupación y abordajes de la problemática,Frecuencia de abordaje del tema en el hogar,Se habla poco,Tipo de exposición,Conoce a alguien,44,5139,2261,41,Gráfico 17,Gráfico,Única,Inferida,
911,Regulación y prevención,Preocupación y abordajes de la problemática,Frecuencia de abordaje del tema en el hogar,Se habla mucho,Tipo de exposición,Conoce a alguien,11,5139,565,41,Gráfico 17,Gráfico,Única,Inferida,
912,Regulación y prevención,Preocupación y abordajes de la problemática,Frecuencia de abordaje del tema en el hogar,Se habla permanentemente,Tipo de exposición,Conoce a alguien,2,5139,103,41,Gráfico 17,Gráfico,Única,Inferida,
913,Regulación y prevención,Preocupación y abordajes de la problemática,Frecuencia de abordaje del tema en el hogar,Nunca se habla,Tipo de exposición,No participa ni conoce a alguien,52,3084,1604,41,Gráfico 17,Gráfico,Única,Inferida,
914,Regulación y prevención,Preocupación y abordajes de la problemática,Frecuencia de abordaje del tema en el hogar,Se habla poco,Tipo de exposición,No participa ni conoce a alguien,35,3084,1079,41,Gráfico 17,Gráfico,Única,Inferida,
915,Regulación y prevención,Preocupación y abordajes de la problemática,Frecuencia de abordaje del tema en el hogar,Se habla mucho,Tipo de exposición,No participa ni conoce a alguien,10,3084,308,41,Gráfico 17,Gráfico,Única,Inferida,
916,Regulación y prevención,Preocupación y abordajes de la problemática,Frecuencia de abordaje del tema en el hogar,Se habla permanentemente,Tipo de exposición,No participa ni conoce a alguien,4,3084,123,41,Gráfico 17,Gráfico,Única,Inferida,
917,Regulación y prevención,Preocupación y abordajes de la problemática,Frecuencia de abordaje del tema en la escuela,Nunca se habla,Tipo de exposición,Participa en apuestas,38,1827,694,42,Gráfico 18,Gráfico,Única,Inferida,
918,Regulación y prevención,Preocupación y abordajes de la problemática,Frecuencia de abordaje del tema en la escuela,Se habla poco,Tipo de exposición,Participa en apuestas,41,1827,749,42,Gráfico 18,Gráfico,Única,Inferida,
919,Regulación y prevención,Preocupación y abordajes de la problemática,Frecuencia de abordaje del tema en la escuela,Se habla mucho,Tipo de exposición,Participa en apuestas,17,1827,311,42,Gráfico 18,Gráfico,Única,Inferida,
920,Regulación y prevención,Preocupación y abordajes de la problemática,Frecuencia de abordaje del tema en la escuela,Se habla permanentemente,Tipo de exposición,Participa en apuestas,4,1827,73,42,Gráfico 18,Gráfico,Única,Inferida,
921,Regulación y prevención,Preocupación y abordajes de la problemática,Frecuencia de abordaje del tema en la escuela,Nunca se habla,Tipo de exposición,Conoce a alguien,30,5139,1542,42,Gráfico 18,Gráfico,Única,Inferida,
922,Regulación y prevención,Preocupación y abordajes de la problemática,Frecuencia de abordaje del tema en la escuela,Se habla poco,Tipo de exposición,Conoce a alguien,48,5139,2467,42,Gráfico 18,Gráfico,Única,Inferida,
923,Regulación y prevención,Preocupación y abordajes de la problemática,Frecuencia de abordaje del tema en la escuela,Se habla mucho,Tipo de exposición,Conoce a alguien,17,5139,874,42,Gráfico 18,Gráfico,Única,Inferida,
924,Regulación y prevención,Preocupación y abordajes de la problemática,Frecuencia de abordaje del tema en la escuela,Se habla permanentemente,Tipo de exposición,Conoce a alguien,4,5139,206,42,Gráfico 18,Gráfico,Única,Inferida,
925,Regulación y prevención,Preocupación y abordajes de la problemática,Frecuencia de abordaje del tema en la escuela,Nunca se habla,Tipo de exposición,No participa ni conoce a alguien,35,3084,1079,42,Gráfico 18,Gráfico,Única,Inferida,
926,Regulación y prevención,Preocupación y abordajes de la problemática,Frecuencia de abordaje del tema en la escuela,Se habla poco,Tipo de exposición,No participa ni conoce a alguien,44,3084,1357,42,Gráfico 18,Gráfico,Única,Inferida,
927,Regulación y prevención,Preocupación y abordajes de la problemática,Frecuencia de abordaje del tema en la escuela,Se habla mucho,Tipo de exposición,No participa ni conoce a alguien,16,3084,493,42,Gráfico 18,Gráfico,Única,Inferida,
928,Regulación y prevención,Preocupación y abordajes de la problemática,Frecuencia de abordaje del tema en la escuela,Se habla permanentemente,Tipo de exposición,No participa ni conoce a alguien,5,3084,154,42,Gráfico 18,Gráfico,Única,Inferida,
929,Regulación y prevención,Preocupación y abordajes de la problemática,Preferencia de herramientas para la contención y el abordaje de problemas,Poder contarle a mis adultos/as cercanos/as sin sentirme juzgado/a,Tipo de exposición,Participa en apuestas,50,1827,914,42,Tabla 17,Tabla,Múltiple,Inferida,
930,Regulación y prevención,Preocupación y abordajes de la problemática,Preferencia de herramientas para la contención y el abordaje de problemas,Poder escuchar testimonios de personas que tuvieron problemas relacionados a las apuestas online,Tipo de exposición,Participa en apuestas,23,1827,420,42,Tabla 17,Tabla,Múltiple,Inferida,
931,Regulación y prevención,Preocupación y abordajes de la problemática,Preferencia de herramientas para la contención y el abordaje de problemas,Poder recibir ayuda gratuita y profesional,Tipo de exposición,Participa en apuestas,17,1827,311,42,Tabla 17,Tabla,Múltiple,Inferida,
932,Regulación y prevención,Preocupación y abordajes de la problemática,Preferencia de herramientas para la contención y el abordaje de problemas,Poder contarlo en la escuela sin sentirme juzgado/a,Tipo de exposición,Participa en apuestas,12,1827,219,42,Tabla 17,Tabla,Múltiple,Inferida,
933,Regulación y prevención,Preocupación y abordajes de la problemática,Preferencia de herramientas para la contención y el abordaje de problemas,Ninguna de las anteriores,Tipo de exposición,Participa en apuestas,25,1827,457,42,Tabla 17,Tabla,Múltiple,Inferida,
934,Regulación y prevención,Preocupación y abordajes de la problemática,Preferencia de herramientas para la contención y el abordaje de problemas,Otro/a,Tipo de exposición,Participa en apuestas,8,1827,146,42,Tabla 17,Tabla,Múltiple,Inferida,
935,Regulación y prevención,Preocupación y abordajes de la problemática,Preferencia de herramientas para la contención y el abordaje de problemas,Poder contarle a mis adultos/as cercanos/as sin sentirme juzgado/a,Tipo de exposición,Conoce a alguien,67,5139,3443,42,Tabla 17,Tabla,Múltiple,Inferida,
936,Regulación y prevención,Preocupación y abordajes de la problemática,Preferencia de herramientas para la contención y el abordaje de problemas,Poder escuchar testimonios de personas que tuvieron problemas relacionados a las apuestas online,Tipo de exposición,Conoce a alguien,34,5139,1747,42,Tabla 17,Tabla,Múltiple,Inferida,
937,Regulación y prevención,Preocupación y abordajes de la problemática,Preferencia de herramientas para la contención y el abordaje de problemas,Poder recibir ayuda gratuita y profesional,Tipo de exposición,Conoce a alguien,35,5139,1799,42,Tabla 17,Tabla,Múltiple,Inferida,
938,Regulación y prevención,Preocupación y abordajes de la problemática,Preferencia de herramientas para la contención y el abordaje de problemas,Poder contarlo en la escuela sin sentirme juzgado/a,Tipo de exposición,Conoce a alguien,18,5139,925,42,Tabla 17,Tabla,Múltiple,Inferida,
939,Regulación y prevención,Preocupación y abordajes de la problemática,Preferencia de herramientas para la contención y el abordaje de problemas,Ninguna de las anteriores,Tipo de exposición,Conoce a alguien,9,5139,463,42,Tabla 17,Tabla,Múltiple,Inferida,
940,Regulación y prevención,Preocupación y abordajes de la problemática,Preferencia de herramientas para la contención y el abordaje de problemas,Otro/a,Tipo de exposición,Conoce a alguien,6,5139,308,42,Tabla 17,Tabla,Múltiple,Inferida,
941,Regulación y prevención,Preocupación y abordajes de la problemática,Preferencia de herramientas para la contención y el abordaje de problemas,Poder contarle a mis adultos/as cercanos/as sin sentirme juzgado/a,Tipo de exposición,No participa ni conoce a alguien,67,3084,2066,42,Tabla 17,Tabla,Múltiple,Inferida,
942,Regulación y prevención,Preocupación y abordajes de la problemática,Preferencia de herramientas para la contención y el abordaje de problemas,Poder escuchar testimonios de personas que tuvieron problemas relacionados a las apuestas online,Tipo de exposición,No participa ni conoce a alguien,28,3084,864,42,Tabla 17,Tabla,Múltiple,Inferida,
943,Regulación y prevención,Preocupación y abordajes de la problemática,Preferencia de herramientas para la contención y el abordaje de problemas,Poder recibir ayuda gratuita y profesional,Tipo de exposición,No participa ni conoce a alguien,34,3084,1049,42,Tabla 17,Tabla,Múltiple,Inferida,
944,Regulación y prevención,Preocupación y abordajes de la problemática,Preferencia de herramientas para la contención y el abordaje de problemas,Poder contarlo en la escuela sin sentirme juzgado/a,Tipo de exposición,No participa ni conoce a alguien,12,3084,370,42,Tabla 17,Tabla,Múltiple,Inferida,
945,Regulación y prevención,Preocupación y abordajes de la problemática,Preferencia de herramientas para la contención y el abordaje de problemas,Ninguna de las anteriores,Tipo de exposición,No participa ni conoce a alguien,11,3084,339,42,Tabla 17,Tabla,Múltiple,Inferida,
946,Regulación y prevención,Preocupación y abordajes de la problemática,Preferencia de herramientas para la contención y el abordaje de problemas,Otro/a,Tipo de exposición,No participa ni conoce a alguien,6,3084,185,42,Tabla 17,Tabla,Múltiple,Inferida,
947,Regulación y prevención,Preocupación y abordajes de la problemática,Medidas de prevención para la exposición de apuestas online en adolescencias,Controles más estrictos para que menores de 18 años no puedan hacer apuestas online,Tipo de exposición,Participa en apuestas,66,1827,1206,43,Tabla 18,Tabla,Múltiple,Inferida,
948,Regulación y prevención,Preocupación y abordajes de la problemática,Medidas de prevención para la exposición de apuestas online en adolescencias,Talleres y charlas informativas en escuelas,Tipo de exposición,Participa en apuestas,29,1827,530,43,Tabla 18,Tabla,Múltiple,Inferida,
949,Regulación y prevención,Preocupación y abordajes de la problemática,Medidas de prevención para la exposición de apuestas online en adolescencias,"Restricción de publicidad en redes sociales, medios de comunicación, y eventos",Tipo de exposición,Participa en apuestas,27,1827,493,43,Tabla 18,Tabla,Múltiple,Inferida,
950,Regulación y prevención,Preocupación y abordajes de la problemática,Medidas de prevención para la exposición de apuestas online en adolescencias,Restringir el uso de influencers y/o famosos para publicitar sitios de apuestas online,Tipo de exposición,Participa en apuestas,18,1827,329,43,Tabla 18,Tabla,Múltiple,Inferida,
951,Regulación y prevención,Preocupación y abordajes de la problemática,Medidas de prevención para la exposición de apuestas online en adolescencias,Colaboración con influencers y/o famosos para promover el juego responsable,Tipo de exposición,Participa en apuestas,14,1827,256,43,Tabla 18,Tabla,Múltiple,Inferida,
952,Regulación y prevención,Preocupación y abordajes de la problemática,Medidas de prevención para la exposición de apuestas online en adolescencias,Campañas de sensibilización en redes sociales y medios de comunicación,Tipo de exposición,Participa en apuestas,13,1827,238,43,Tabla 18,Tabla,Múltiple,Inferida,
953,Regulación y prevención,Preocupación y abordajes de la problemática,Medidas de prevención para la exposición de apuestas online en adolescencias,No hay que hacer ninguna acción para prevenir apuestas online en adolescentes,Tipo de exposición,Participa en apuestas,9,1827,164,43,Tabla 18,Tabla,Múltiple,Inferida,
954,Regulación y prevención,Preocupación y abordajes de la problemática,Medidas de prevención para la exposición de apuestas online en adolescencias,Otro,Tipo de exposición,Participa en apuestas,9,1827,164,43,Tabla 18,Tabla,Múltiple,Inferida,
955,Regulación y prevención,Preocupación y abordajes de la problemática,Medidas de prevención para la exposición de apuestas online en adolescencias,Controles más estrictos para que menores de 18 años no puedan hacer apuestas online,Tipo de exposición,Conoce a alguien,81,5139,4163,43,Tabla 18,Tabla,Múltiple,Inferida,
956,Regulación y prevención,Preocupación y abordajes de la problemática,Medidas de prevención para la exposición de apuestas online en adolescencias,Talleres y charlas informativas en escuelas,Tipo de exposición,Conoce a alguien,40,5139,2056,43,Tabla 18,Tabla,Múltiple,Inferida,
957,Regulación y prevención,Preocupación y abordajes de la problemática,Medidas de prevención para la exposición de apuestas online en adolescencias,"Restricción de publicidad en redes sociales, medios de comunicación, y eventos",Tipo de exposición,Conoce a alguien,48,5139,2467,43,Tabla 18,Tabla,Múltiple,Inferida,
958,Regulación y prevención,Preocupación y abordajes de la problemática,Medidas de prevención para la exposición de apuestas online en adolescencias,Restringir el uso de influencers y/o famosos para publicitar sitios de apuestas online,Tipo de exposición,Conoce a alguien,34,5139,1747,43,Tabla 18,Tabla,Múltiple,Inferida,
959,Regulación y prevención,Preocupación y abordajes de la problemática,Medidas de prevención para la exposición de apuestas online en adolescencias,Colaboración con influencers y/o famosos para promover el juego responsable,Tipo de exposición,Conoce a alguien,29,5139,1490,43,Tabla 18,Tabla,Múltiple,Inferida,
960,Regulación y prevención,Preocupación y abordajes de la problemática,Medidas de prevención para la exposición de apuestas online en adolescencias,Campañas de sensibilización en redes sociales y medios de comunicación,Tipo de exposición,Conoce a alguien,24,5139,1233,43,Tabla 18,Tabla,Múltiple,Inferida,
961,Regulación y prevención,Preocupación y abordajes de la problemática,Medidas de prevención para la exposición de apuestas online en adolescencias,No hay que hacer ninguna acción para prevenir apuestas online en adolescentes,Tipo de exposición,Conoce a alguien,2,5139,103,43,Tabla 18,Tabla,Múltiple,Inferida,
962,Regulación y prevención,Preocupación y abordajes de la problemática,Medidas de prevención para la exposición de apuestas online en adolescencias,Otro,Tipo de exposición,Conoce a alguien,2,5139,103,43,Tabla 18,Tabla,Múltiple,Inferida,
963,Regulación y prevención,Preocupación y abordajes de la problemática,Medidas de prevención para la exposición de apuestas online en adolescencias,Controles más estrictos para que menores de 18 años no puedan hacer apuestas online,Tipo de exposición,No participa ni conoce a alguien,79,3084,2436,43,Tabla 18,Tabla,Múltiple,Inferida,
964,Regulación y prevención,Preocupación y abordajes de la problemática,Medidas de prevención para la exposición de apuestas online en adolescencias,Talleres y charlas informativas en escuelas,Tipo de exposición,No participa ni conoce a alguien,35,3084,1079,43,Tabla 18,Tabla,Múltiple,Inferida,
965,Regulación y prevención,Preocupación y abordajes de la problemática,Medidas de prevención para la exposición de apuestas online en adolescencias,"Restricción de publicidad en redes sociales, medios de comunicación, y eventos",Tipo de exposición,No participa ni conoce a alguien,42,3084,1295,43,Tabla 18,Tabla,Múltiple,Inferida,
966,Regulación y prevención,Preocupación y abordajes de la problemática,Medidas de prevención para la exposición de apuestas online en adolescencias,Restringir el uso de influencers y/o famosos para publicitar sitios de apuestas online,Tipo de exposición,No participa ni conoce a alguien,28,3084,864,43,Tabla 18,Tabla,Múltiple,Inferida,
967,Regulación y prevención,Preocupación y abordajes de la problemática,Medidas de prevención para la exposición de apuestas online en adolescencias,Colaboración con influencers y/o famosos para promover el juego responsable,Tipo de exposición,No participa ni conoce a alguien,24,3084,740,43,Tabla 18,Tabla,Múltiple,Inferida,
968,Regulación y prevención,Preocupación y abordajes de la problemática,Medidas de prevención para la exposición de apuestas online en adolescencias,Campañas de sensibilización en redes sociales y medios de comunicación,Tipo de exposición,No participa ni conoce a alguien,22,3084,678,43,Tabla 18,Tabla,Múltiple,Inferida,
969,Regulación y prevención,Preocupación y abordajes de la problemática,Medidas de prevención para la exposición de apuestas online en adolescencias,No hay que hacer ninguna acción para prevenir apuestas online en adolescentes,Tipo de exposición,No participa ni conoce a alguien,3,3084,93,43,Tabla 18,Tabla,Múltiple,Inferida,
970,Regulación y prevención,Preocupación y abordajes de la problemática,Medidas de prevención para la exposición de apuestas online en adolescencias,Otro,Tipo de exposición,No participa ni conoce a alguien,3,3084,93,43,Tabla 18,Tabla,Múltiple,Inferida,
971,Regulación y prevención,Preocupación y abordajes de la problemática,Contenido más demandado para talleres o charlas escolares,Conocer los riesgos de las apuestas online,Tipo de exposición,Participa en apuestas,75,1827,1370,44,Tabla 19,Tabla,Múltiple,Inferida,
972,Regulación y prevención,Preocupación y abordajes de la problemática,Contenido más demandado para talleres o charlas escolares,Conocer cómo funcionan los algoritmos de las apuestas online,Tipo de exposición,Participa en apuestas,56,1827,1023,44,Tabla 19,Tabla,Múltiple,Inferida,
973,Regulación y prevención,Preocupación y abordajes de la problemática,Contenido más demandado para talleres o charlas escolares,Intercambiar experiencias reales de personas que apostaron,Tipo de exposición,Participa en apuestas,52,1827,950,44,Tabla 19,Tabla,Múltiple,Inferida,
974,Regulación y prevención,Preocupación y abordajes de la problemática,Contenido más demandado para talleres o charlas escolares,Tener información de dónde pedir ayuda,Tipo de exposición,Participa en apuestas,32,1827,585,44,Tabla 19,Tabla,Múltiple,Inferida,
975,Regulación y prevención,Preocupación y abordajes de la problemática,Contenido más demandado para talleres o charlas escolares,Conocer los riesgos de las apuestas online,Tipo de exposición,Conoce a alguien,76,5139,3906,44,Tabla 19,Tabla,Múltiple,Inferida,
976,Regulación y prevención,Preocupación y abordajes de la problemática,Contenido más demandado para talleres o charlas escolares,Conocer cómo funcionan los algoritmos de las apuestas online,Tipo de exposición,Conoce a alguien,50,5139,2570,44,Tabla 19,Tabla,Múltiple,Inferida,
977,Regulación y prevención,Preocupación y abordajes de la problemática,Contenido más demandado para talleres o charlas escolares,Intercambiar experiencias reales de personas que apostaron,Tipo de exposición,Conoce a alguien,61,5139,3135,44,Tabla 19,Tabla,Múltiple,Inferida,
978,Regulación y prevención,Preocupación y abordajes de la problemática,Contenido más demandado para talleres o charlas escolares,Tener información de dónde pedir ayuda,Tipo de exposición,Conoce a alguien,45,5139,2313,44,Tabla 19,Tabla,Múltiple,Inferida,
979,Regulación y prevención,Preocupación y abordajes de la problemática,Contenido más demandado para talleres o charlas escolares,Conocer los riesgos de las apuestas online,Tipo de exposición,No participa ni conoce a alguien,85,3084,2621,44,Tabla 19,Tabla,Múltiple,Inferida,
980,Regulación y prevención,Preocupación y abordajes de la problemática,Contenido más demandado para talleres o charlas escolares,Conocer cómo funcionan los algoritmos de las apuestas online,Tipo de exposición,No participa ni conoce a alguien,44,3084,1357,44,Tabla 19,Tabla,Múltiple,Inferida,
981,Regulación y prevención,Preocupación y abordajes de la problemática,Contenido más demandado para talleres o charlas escolares,Intercambiar experiencias reales de personas que apostaron,Tipo de exposición,No participa ni conoce a alguien,48,3084,1480,44,Tabla 19,Tabla,Múltiple,Inferida,
982,Regulación y prevención,Preocupación y abordajes de la problemática,Contenido más demandado para talleres o charlas escolares,Tener información de dónde pedir ayuda,Tipo de exposición,No participa ni conoce a alguien,47,3084,1449,44,Tabla 19,Tabla,Múltiple,Inferida,
